BARRA;NOME;TUST-RB
542; TRES IRMAOS - 440;    6,786
8344; ABAIARA - 230;   12,863
9739; ABDON BATISTA - 230;    5,368
9738; ABDON BATISTA - 525;    5,057
6930; ABUNA - 230;    7,262
6700; ACAILANDIA - 500;   11,906
5923; ACARAT CE - 230;   12,541
5318; ACARAT-CE500;   12,481
5486; ACARAU II – 230;   12,562
1596; ACESITA - 230;    4,982
5461; ACU II - 230;   13,799
5351; ACU III - 230;   13,843
5350; ACU III - 500;   13,505
140; ADRIANOPOLIS - 345;    5,147
106; ADRIANOPOLIS - 500;    5,369
2987; AG.LINDAS230;    7,869
453; AGUA AZUL - 440;    4,982
4043; AIMORES - 230;    7,037
6000; ALAGOAS 2 - 230;    8,746
1186; ALEGRETE2 - 230;    5,454
8163; ALEX - 230;   13,928
6521; ALTAMIRA - 230;    9,746
668; ALTA PAULISTA - 400;    6,226
1078; ANASTACIO - 230;    5,061
44594; ANEMUS - 230;   14,034
5100; ANGELIM - 500;   11,748
5101; ANGELIM - 230;   11,503
105; ANGRA - 500;    5,636
760; ANHANGUERA GO - 230;    6,453
431; ANHANGUERA SP - 230;    4,982
439; ANHANGUERA - 345;    4,982
458; APARECIDA - 230;    4,982
878; APUCARANA - 230;    4,982
5381; AQUIRAZ - 230;   11,958
4070; ARACUAI - 230;   10,722
6081; ARAPIRACA III - 230;    7,262
559; ARARAQUARA - 440;    5,299
101; ARARAQUARA - 500;    6,185
99; ARARAQUARA - 525;    6,185
589; ARARAS SP - 440;    4,982
7058; ARARAQUARA 2 - 440;    5,832
7057; ARARAQUARA 2 - 500;    6,141
5092; ARCOVERDE II - 230;   11,650
934; AREIA - 230;    4,982
933; AREIA - 525;    5,206
4349; ARINOS 2 - 500;   11,043
6880; ARIQUEMES - 230;    7,078
45680; ASOLO 2 - 230;    8,708
552; ASSIS - 440;    5,685
556; ASSIS - 525;    5,680
551; ASSIS 2 - 230;    4,982
697; ATIBAIA 2 - 345;    4,982
1330; ATLANTIDA 2 - 230;    4,982
629; AVARE - 230;    4,982
3150; AVARE NOVA - 230;    4,982
536; AGUA VERMELHA - 440;    6,826
535; AGUA VERMELHA - 500;    7,190
451; AVILLAR - 230;    4,982
9892; ANDIRA LESTE - 230;    4,982
229; BARRO ALTO - 230;    9,103
4040; BARRO BRANCO - 345;    5,952
9444; B. DOS COQUEIROS - 230;    8,797
5511; B.ESPERANCA - 230;   11,314
5510; B.ESPERANCA - 500;   11,970
227; BRASILIA GERAL - 230;    7,082
574; BOM JARDIM - 440;    4,982
7181; B.JESUS II - 230;   11,289
3699; BRASILIA LESTE - 500;    8,856
5401; BOM NOME - 230;   12,569
4502; BARRA PEIXE - 230;    7,539
228; BRAS. SUL - 230;    7,526
219; BRAS. SUL -345;    8,101
5684; BACAB - MA - 500;   11,919
1188; BAGE 2 - 230;    5,187
478; BAGUACU - 440;    5,835
1495; BAGUARI - 230;    7,014
9354; BAIXO IGUACU PR - 230;    4,982
472; B. SANTISTA - 230;    4,982
471; B. SANTISTA - 345;    4,982
8501; BALBINA - 230;    9,958
5391; BALSAS - 230;   11,805
5421; BANABUIU - 230;   12,929
226; BANDEIRANTE GO - 230;    6,810
218; BANDEIRANTE GO - 345;    7,701
492; BANDEIRANTE SP - 345;    4,982
308; BARBACENA - 345;    5,177
6315; BARREIRAS II - 230;   11,255
6361; BARREIRAS - 230;   10,969
6360; BARREIRAS - 500;   11,391
313; BARREIRO - 345;    6,109
112; BATEIAS - 500;    4,982
113; BATEIAS 2 - 500;    4,982
814; BATEIAS - 230;    4,982
895; BATEIAS - 525;    4,982
114; BATEIAS 3 - 500;    4,982
561; BAURU SP - 440;    5,033
9004; BARAO DE COCAIS 3 - 230;    5,441
4050; B.DESPACHO - 500;    7,084
4337; BETIM 6 -345;    6,488
9626; B. FLUMINENSE - 500;    5,433
936; BARRA GRANDE - 230;    5,719
947; BAIXO IGUACU SC - 230;    4,982
946; BIGUACU--525;    4,982
6358; B.J.LAPA II - 230;   11,215
6349; BJLAPAII - 500;   11,080
6351; B.J.LAPA - 230;   11,238
939; BLUMENAU - 230;    4,982
938; BLUMENAU - 525;    4,982
5152; BONGI - 230;    9,971
625; BOTUCATU - 230;    4,982
7734; BRACEL - 440;    4,982
4868; BRASNORTE - 230;    8,344
9051; BRAUNA - 230;    6,308
6334; BROT.MACAUBAS - 230;   12,191
5941; BRUMADO II - 230;    6,035
6075; BURITIRAMA - 500;   12,076
5701; CIC.DANTAS - 230;   10,482
756; CACHOEIRA DOURADA - 230;    8,846
4512; C. MAGALHAES - 230;    7,758
5525; COELHO NETO - 230;    9,570
5262; CURRAIS NOVOS II - 230;   14,034
104; C. PAULISTA - 500;    5,446
7054; C.PORTO VELHO - 230;    8,095
7055; C.PORTO VELHO - 500;   13,842
8551; CRISTIANO ROCHA - 230;    9,618
590; CABREUVA - 230;    4,982
584; CABREUVA - 440;    4,982
9458; CACU - 230;    8,797
5098; CAETES II - 230;   11,687
41414; CAIACA-SC - 230;    4,982
10218; CRUZ ALTA 2 - 230;    5,184
5750; CAMACARI - 500;    9,705
5756; CAMACARI IV - 230;    8,926
5752; CAMACARI IV - 500;    9,699
9569; CAMAQUA 3 - 230;    4,982
1194; CAMAQUA - 230;    4,982
123; CAMPINAS - 345;    4,982
103; CAMPINAS - 500;    5,184
117; CAMPOS 2 - 500;    6,201
1198; CAMPO BOM - 230;    4,982
147; CAMPOS - 345;    6,376
4684; CANARANA CMT - 230;    5,894
9590; CANDELARIA 2 - 230;    5,376
9952; CANDIOTA 2 - 230;    5,251
9951; CANDIOTA 2 - 525;    5,037
9785; CANDIOTA - 230;    5,797
9786; CANDIOTA - 525;    5,797
1190; CANOA 1 - 230;    4,982
1248; CANOAS 2 - 230;    4,982
943; CANOINHA - 230;    4,982
1037; CAPIVARI-230;    4,982
1036; CAPIVARI-525;    4,982
549; CAPIVARA - 440;    6,001
3714; CARAJAS GO - 230;    6,171
6407; CARAJAS PA - 230;   10,859
477; CARBOCLORO - 230;    4,982
839; CASCAVEL - 230;    4,982
9538; CASCAVEL NORT - 230;    4,982
2458; CASCAVEL OESTE - 230;    4,982
896; CASCAVOE - 525;    5,232
10355; CASSILANDIA - 230;    6,838
2353; CAMPO ASSOBIO - 230;    4,982
6489; CASTANHA - 230;    8,867
9278; CASTERTECH - 230;    4,982
10138; CASTRO NORTE - 230;    4,982
5782; CATU - 230;    8,315
5651; CAIUPE - 230;   12,149
1200; CAXIAS SUL 2 - 230;    4,982
1192; CAXIAS 5 -230;    4,982
1386; CAXIAS 6 - 230;    4,982
965; CAXIAS - 230;    4,982
964; CAXIAS RS - 525;    5,099
10216; CAXIAS NORTE - 230;    4,982
10215; CAXIAS NORTE - 525;    5,150
607; CBA - 230;    4,982
608; CBA TERM - 440;    4,982
603; CBA 2 - 440;    4,982
9543; CBA LESTE - 230;    4,982
9542; CBA LESTE - 525;    4,982
9697; CURITIBA NORT - 230;    4,982
623; CAPAO BONITO - 230;    4,982
3964; CANA BRAVA - 230;   10,427
816; C.COMPRIDO - 230;    4,982
6132; CEAMIRIM - 230;   13,197
6130; CEA.MIRIM II - 500;   13,238
427; CENTRO - 230;    4,982
9731; CERRO CHATO - 230;    5,793
2035; CERQUILHO 3 - 230;    4,982
970; GARABI 2 - 500;    5,387
971; GARABI 1 - 500;    5,387
6107; CAMPO FORMOSO - 230;   12,821
1043; RIVERA - 230;    5,644
5222; CAMPINA GRANDE II - 230;   12,080
1025; CAMPO GRANDE II - 230;    6,086
5202; CAMPINA GRANDE III - 230;   12,185
5200; CAMPINA GRANDE III - 500;   12,637
5303; CHAPADA 1 PI - 230;   13,344
6631; CHAPADA 2 PI - 230;   13,354
5305; CHAPADA 3 PI - 230;   13,510
1089; CHAPADAO - 230;    6,838
5685; CHAPADINHA II - 230;    9,895
10276; CHARQUEADAS 3 - 230;    4,982
951; CHARQUEADAS (SE) - 230;    4,982
615; CHAVANTES - 230;    4,982
7784; HELIO VALGAS MG - 345;    9,565
815; C.IND. CURITIBA - 230;    4,982
1258; C.INDUSTRIAL - 230;    4,982
4495; CLAUDIA - 500;    8,879
5751; CAMACARI II - 230;    8,846
954; C.MOURAO - 230;    4,982
956; CAMPOS NOVOS - 230;    5,533
955; CAMPOS NOVOS - 525;    5,148
789; CODEMI GO- 230;    9,988
4465; COLIDER - 500;    8,879
7300; COLINAS - 500;   11,782
9607; COMPERJ - 345;    5,528
5621; SE COREMAS II - 230;   12,467
1018; CORUMBA 2 - 30;    4,982
220; CORUMBA - 345;    7,884
5802; COTEGIPE - 230;    8,475
5216; COTEMINAS - 230;   11,862
4532; COXIPO - 230;    7,482
27; C. PAULISTA 2 - 500;    5,446
319; CONSE. PENA - 230;    6,847
8319; CRATO 2 - 230;   12,462
9104; U.CUBATAO - 230;    4,982
9105; CUBATAO - 230;    4,982
4515; CUIABA - 230;    7,556
4514; CUIABA - 500;    7,561
960; CURITIBA - 230;    4,982
959; CURITIBA - 525;    4,982
6641; CURRAL NOVO PIAUI - 230;   13,429
6640; CURRAL NOVO PIAUI - 500;   12,913
44812; VEREDA - 345;    9,396
5471; DELM. GOUVEIA - 230;   11,162
5804; D.PITUACU - 230;    8,161
420; DOMENICO RANGONI - 345;    4,982
4892; DARDANELOS - 230;    8,573
5730; DER.OLD 1- 230;    9,408
945; DESTERRO - 230;    4,982
1223; DONA FRANCISCA - 230;    5,998
818; D. INDUSTRIAL SJP - 230;    4,982
10101; DOURADOS 2 - 230;    5,584
1086; DOURADOS - 230;    5,508
5681; E. MARTIN - 230;   11,926
410; EDGARD SOUZA - 230;    4,982
3018; EDEIA - 230;    8,570
1212; ELDORADO - 230;    4,982
5872; EMBASA - 230;    8,209
320; EMBORCACAO - 500;    7,864
582; EMBU-GUACU - 345;    4,982
581; EMBU-GUACU - 440;    4,982
6001; ENCRUZO - 230;    9,400
41413; ENSEAD-SC2 - 30;    4,982
3012; ESTREITO - 345;    6,427
3010; ESTREITO - 500;    6,503
5972; EUNAPOLI - 230;    5,417
6131; EXTREMOZ II - 230;   12,835
610; F.DIAS - 440;    5,149
609; F.DIAS - 500;    5,603
60; F.IGUACU - 765;    5,193
962; FARROUPILHA - 230;    4,982
1071; FOZ DO CHAPECO - 230;    5,676
898; FCHOPIM--230;    4,982
6980; FEIJO - 230;    6,510
41450; FIBR-F RS - 230;    4,982
1315; FIBRAPLAC - 230;    4,982
843; F.IGUACUNORTE - 230;    4,982
884; FIGUEIRA - 230;    4,982
2992; FIRMINOPOLIS - 230;    8,110
5420; FLORESTA II - 230;   12,277
5755; FORD - 230;    8,580
961; FORQUILINHA - 230;    4,982
5452; FORTALEZA - 230;   12,069
9435; F.IGUACU - 500;    5,205
5458; FORTALEZA II - 230;   12,126
5451; FORTALEZA II - 500;   12,827
5902; FUNIL - 230;    5,792
136; FURNAS - 345;    6,001
8980; FUTURA - 500;   12,439
763; GOIANIA LESTE - 230;    5,788
5881; G. MANGABEIRA - 230;    8,312
8393; GAMELEIRA - 230;   12,802
972; GARABI 1 - 525;    5,387
973; GARABI 2 - 525;    5,387
5091; GARANHUNS II - 230;   11,725
5090; GARANHUNS - 500;   12,119
1206; GARIBALDI - 230;    4,982
9533; GASPAR 2 -230;    4,982
10081; GASPAR 2 - 525;    4,982
800; AREIA - 500;    5,206
6061; GENTIO DO OURO II - 230;   12,286
6060; GENTIO DO OURO II - 500;   11,725
585; GERDAU SP - 440;    4,982
540; GETULINA - 440;    5,580
7191; GILBUES - 230;   11,595
7190; GILBUES II - 500;   12,026
3023; GOIANIA - 230;    6,810
5201; GOIANINHA - 230;   10,802
817; PARIGOT SOUZA - 230;    4,982
107; GRAJAU - 500;    5,190
1210; GRAVATA2 - 230;    4,982
1313; GRAVATAI3 - 230;    4,982
976; GRAVATAI - 525;    4,982
813; GRALHA AZUL - 230;    4,982
978; GUAIRA F -230;    4,982
1199; GUAIBA - 230;    4,982
975; GUAIBA3 - 230;    4,982
974; GUAIBA3 - 525;    5,069
873; GUAIRA F - 525;    5,050
6471; GUAMA - 230;    9,570
10136; GUARAPUAVA OESTE - 230;    4,982
1213; GUARITA - 230;    5,163
126; GUARULHOS - 345;    4,982
1529; GUILMAN - 230;    6,593
7106; GURUPI - 230;   10,987
7100; GURUPI - 500;   10,871
9123; GV - 230;    4,982
4352; VALADARES 6 - 500;    6,899
480; HENRY BORDEN - 230;    4,982
9351; HUBNER - 230;    4,982
6011; IBIAPINA II – 230;   12,144
6362; IBICOARA - 230;    7,805
6359; IBICOARA - 500;    8,871
886; IBIPORA - 230;    4,982
86; IBIUNA - 345;    4,982
122; IBIUNA - 500;    4,982
5631; ICO - 230;   12,727
6171; IGAPORA II - 230;   10,901
6221; IGAPORA III - 230;   10,772
6220; IGAPORA III - 500;   10,422
10258; IGUATEMI 2 MS - 230;    4,982
1323; IJUI 2 - 230;    5,031
1889; IMBIRUSSU - 230;    5,984
5591; IMPERATRIZ - 230;   11,221
5590; IMPERATRIZ - 500;   11,924
6734; INACIO-RN230;   13,622
10094; INDAIAL - 230;    4,982
1090; INOCENCIA - 230;    6,868
6561; INTEGRADORA - 230;   10,856
6560; INTEGRADORA - 500;   11,603
490; INTERNATIONAL 2 - 230;    4,982
489; INTERNATIONAL 1 - 230;    4,982
488; INTERNATIONAL - 345;    4,982
1530; IPATINGA I - 230;    6,235
1100; ITAIPU 50 - 500;    4,982
1107; ITAIPU 60 - 500;    5,204
4071; IRAPE - 230;   10,935
4065; IRAPE - 345;   10,715
10140; IRATI NORTE - 230;    4,982
6341; IRECE - 230;   11,824
1077; ILHA SOLTEIRA 2 - 230;    6,883
1076; ILHA SOLTEIRA 2 - 440;    6,735
538; ILHA SOLTEIRA - 440;    6,733
10212; ITA SC - 230;    5,389
995; ITA - 525;    5,355
5711; ITABAIANA - 230;   10,421
72; ITABERA - 765;    4,982
1534; ITABIRA 2 - 230;    6,453
9024; ITABIRA 4 - 230;    6,180
4076; ITABIRA 5 - 230;    7,067
4075; ITABIRA 5 - 500;    7,817
9017; ITABIRITO - 345;    5,910
9016; ITABIRITO - 500;    6,771
5787; ITABUNA - 230;    5,201
6441; ITACAIUNAS - 230;   11,120
6440; ITACAIUNAS - 500;   11,779
5912; ITAGIPA - 230;    6,048
9441; ITAGUACU - 230;    8,574
9440; ITAGUACU - 500;    7,643
10070; ITAJAI 2 - 230;    4,982
10069; ITAJAI 2 - 525;    4,982
991; ITAJAI - 230;    4,982
1503; ITAJU3-5-500;    5,504
2988; ITAPACI - 230;    7,983
5970; ITAPEBI SE - 230;    5,746
448; ITAPETI - 230;    4,982
449; ITAPETI - 345;    4,982
627; ITARARE 2 - 230;    4,982
6609; ITATIBA - 500;    5,060
1215; ITAUBA - 230;    6,012
5961; ITBNINHA - 230;    8,374
4521; ITIQUIRA - 230;    7,884
225; ITUMBIARA - 230;    7,761
217; ITUMBIARA - 345;    7,482
210; ITUMBIARA - 500;    7,740
138; ITUTINGA - 345;    5,381
999; IVAIPORA E - 525;    5,073
66; IVAIPORA - 525;    5,056
65; IVAIPORA - 765;    5,159
1088; IVINHEMA - 230;    5,793
6140; J. CAMARA III - 500;   13,426
331; JUIZ DE FORA - 345;    5,144
8511; J.TEIXEIRA - 230;    9,211
5346; JABOATAO D -230;   10,730
5822; JACARACANGA - 230;    8,758
144; JACAREPAGUA - 345;    4,982
5925; JAGUARUANA - 230;   13,413
5924; JAGUARUANA - 500;   13,240
6321; JAGUARARI-SE - 230;   12,444
326; JAGUARA - 345;    6,743
325; JAGUARA - 500;    7,151
827; JAGUARIAIVA - 230;    4,982
3389; JAIBA - 230;   13,019
4350; JANAUBA 3 - 500;   10,367
4311; JANAUBA 3 - 230;   12,033
8240; JANDAIA CE - 230;   13,215
586; JANDIRA - 440;    4,982
5721; JARDIM SE - 230;   10,591
5720; JARDIM - 500;   11,287
10087; JARAGUA DO SUL - 230;    4,982
6870; JARU - 230;    6,550
1084; JATAI - 230;    7,229
4862; JAURU - 230;    7,791
4700; JAURU - 500;    7,605
10256; J. BOTANICO 1 - 230;    4,982
10257; J. BOTANICO 2 - 230;    4,982
6141; J. CAMARA II - 230;   13,560
5128; J. CAMARA III - 230;   13,550
9013; JECEABA - 345;    5,689
7280; JEREMOABO - 500;   11,729
6840; JI PARANA - 230;    6,755
7051; UHE JIRAU - 500 (Back-to-back);   11,716
7061; UHE JIRAU - 500;   13,927
1006; JORGE LACERDA A - 230;    5,016
1010; JORGE LACERDA B - 230;    5,048
1011; JORGE LACERDA C - 230;    5,048
3035; J.NEIVA 2 - 345;    6,621
3034; J.NEIVA 2 - 500;    7,577
5331; JOAIRAM - 230;   10,472
1020; JOINV. NOR - 230;    4,982
1015; JOINVILLE - 230;    4,982
10056; JOINVILLE SUL - 230;    4,982
10055; JOINVILLE SUL - 525;    4,982
5836; JOAO PESSOA II - 500;   12,609
5837; JOAO PESSOA II - 230;   10,998
6311; JUAZEIRO II - 230;   12,751
6501; JUAZEIRO III - 230;   12,348
6500; JUAZEIRO III - 500;   12,346
4869; JUBA - 230;    8,030
4894; JUINA - 230;    8,573
539; JUPIA - 440;    6,522
618; JURUMIRIM - 230;    4,982
8250; JURUPARI-230;   11,850
8200; JURUPARI-500;   11,727
8321; JURUTI - 230;   10,890
4333; PRES. JUSCELINO - 345;    7,618
4332; PRES. JUSCELINO - 500;    8,851
9988; KLABIN - 230;    4,982
5050; LUIS GONZAGA - 500;   12,235
336; LAFAIETE - 345;    5,346
950; LAGES----230;    4,982
9506; LAGOS - 345;    6,045
9509; LAGOS - 500;    5,967
1218; LAJEADO 2 - 230;    4,982
7207; LAJEADO - 230;   11,997
7204; LAJEADO - 500;   11,670
1163; LAJEADO GRANDE - 230;    5,322
8270; LARANJAL - 230;   11,968
5037; LAGOA BARRO - 230;   12,629
6663; LAGOA DO CARRO - 230;   11,417
134; L.C.BARRETO - 345;    6,572
8700; LECHUGA - 230;    9,436
8500; LECHUGA - 500;   10,430
464; LESTE - 345;    4,982
5422; LIBRA - 230;   12,924
3022; LINHARES 2 - 230;    6,373
1230; LIVRAMENTO 2 - 230;    5,644
2080; LIVRAMENTO 3 - 230;    5,766
5071; LAGOA NOVA II - 230;   14,043
1028; LONDRIN E - 230;    4,982
889; LONDRC-PR230;    4,982
1027; LONDRINA - 525;    5,199
3384; LORENA SP - 230;    4,982
3383; LORENA SP - 500;    5,301
4573; L. DO RIO VERDE - 230;    7,389
3007; LUZIANIA - 500;    9,016
1325; L.VERMELHA - 230;    5,034
9783; LAJEADO 3 - 230;    4,982
6291; MORRO DO CHAPEU II - 230;   11,697
6290; MORRO DO CHAPEU II - 500;   11,355
495; M. FORNASARO - 345;    4,982
131; MASCARENHAS DE MORAES - 345;    6,252
416; MANOEL NOBREGA - 230;    4,982
438; REALEZA - 345;    4,982
530; M.RONDON SP - 440;    6,453
8145; MONTE VERDE - 500;   13,448
3966; MACAE MERCHAN - 345;    6,354
9970; MACAMBARA 3 - 230;    5,374
1225; MACAMBARA - 230;    5,338
8280; MACAPA - 230;   11,824
5312; MACEIO II - 230;    9,657
5311; MACEIO - 230;    9,486
1030; MACHADINHO - 525;    5,299
3110; M. AGUDO - 00;    6,281
7408; M.ALEGRE 2 - 345;    7,377
8521; MANAUS - 230;    8,887
4592; MANSO - 230;    7,623
6401; MARABA - 230;   11,061
6400; MARABA - 500;   11,851
5081; MARACANAU - 230;   11,935
44609; MARANGATU - 230;   12,004
1103; MARGEM PR - 500;    4,982
4598; MARIMBII-500;    6,848
213; MARIMBONDO - 345;    6,941
100; MARIMBONDO - 500;    6,921
868; MARINGA - 230;    4,982
6661; MARITUBA - 230;    9,534
6660; MARITUBA - 500;   10,826
9820; MARMELEIRO 2 - 525;    5,442
2654; MASCARENHAS - 230;    6,777
5852; MATATU - 230;    7,819
8531; MAUA 3 - 230;    9,130
981; MAUA - 230;    4,982
341; MONTES CLAROS - 345;    9,998
963; MONTE CLARO - 230;    5,061
10005; MEDIANEIRA - 230;    4,982
7279; MENDUBIM - 230;   13,843
345; MESQUITA - 230;    6,613
344; MESQUITA - 500;    7,466
5300; MESSIAS - 500;   10,860
5411; MILAGRES II - 230;   12,793
5408; MILAGRES 500;   12,928
7200; MIRACEMA - 500;   11,639
6710; MIRAMAR--230;    9,187
5541; MIRANDA - 230;   11,131
5540; MIRANDA II - 500;   11,937
572; MIRASSOL II - 440;    5,823
5191; MIRUEIRA - 230;   10,105
2078; MISSOES - 230;    5,372
5380; MILAGRE 2 - 500;   13,024
8392; MLGICO CE - 230;   12,802
565; M. MIRIM 3 - 440;    4,982
161; MOGI FCE - 230;    4,982
446; MOGI EP - 230;    4,982
129; MOGI - 345;    4,982
1520; MONLEVADE 2 - 230;    5,168
4331; MONLEVADE 4 - 230;    5,671
6565; ONCA PUMA - 230;    8,992
5441; MOSSORO II - 230;   13,928
6091; MOSSORO IV - 230;   13,622
5341; MRRII----230;   11,263
5301; MESSIAS - 230;    9,781
5302; MESSIAS 2 - 230;    9,781
5211; MUSSURE II - 230;   10,604
4353; MUTUM MG - 500;    6,656
5029; MOXOTO - 230;   12,578
1545; NOVA ERA II - 230;    6,441
9609; N.IGUACU - 345;    5,140
9608; N.IGUACU - 500;    5,366
4552; NOVA MUTUM - 230;    7,970
252; N.PECANH-230;    5,208
788; N.TOCA GO - 230;    9,988
5981; NARANDIBA - 230;    7,825
5241; NATAL II - 230;   12,497
5245; NATAL III - 230;   12,597
350; NEVES - 345;    6,891
349; NEVES - 500;    7,196
787; NIQUELANDIA - 230;    9,988
9015; NOVA LIMA 6 - 345;    6,080
6862; NMPARANA-230;    7,526
4542; NOBRES - 230;    7,623
6743; NOVA OLINDA - 500;   12,428
442; NORDESTE - 345;    4,982
5212; NORFIL - 230;   10,385
435; NORTE - 345;    4,982
9547; NOVA PETROPOLIS 2 - 230;    4,982
7407; NOVA PONTE - 345;    7,845
360; NOVA PONTE - 500;    7,475
9544; NOVA P.PRIMAVERA - 440;    6,379
545; NOVA P.PRIMAVERA - 230;    5,860
1228; NOVA PRATA 2 - 230;    4,982
980; N.S. RITA - 230;    4,982
979; N.S. RITA - 525;    5,048
5741; N.S.SOCORRO - 230;   10,472
414; OESTE - 440;    4,982
5740; OLINDINA - 500;   11,220
384; OURO PRETO 2 - 500;    6,715
385; OURO PRETO 2 - 345;    6,121
8311; ORIXIMINA - 230;   11,061
8300; ORIXIMINA - 500;   11,223
1231; OSORIO 2 - 230;    4,982
9901; OSORIO 3 - 230;    4,982
6071; OUROLANDIA II - 230;   12,283
6070; OUROLANDIA II - 500;   11,855
5001; PAULO AFONSO - 500;   12,060
6820; P.BUENO - 230;    6,946
120; P.CALDAS - 345;    4,982
102; P.CALDAS - 500;    5,918
216; P.COLOMBIA - 345;    7,027
5581; P.DUTRA - 230;   10,698
5580; P.DUTRA - 500;   12,088
5181; PAU FERRO - 230;   11,373
5180; P. FERRO - 500;   12,116
3344; P.FIALHO - 345;    5,868
8541; P.FIGUEIREDO - 230;    9,795
5601; P.FRANCO - 230;    9,908
6900; PORTO VELHO - 230;    7,802
5853; PACABA CE - 230;   12,650
5841; PACABA CE - 500;   12,881
5003; PAULO AFONSO 1 - 230;   12,578
5004; PAULO AFONSO 2 - 230;   12,101
9262; PORTO ALEGRE 12 - 230;    4,982
9961; PORTO ALEGRE 1 - 230;    4,982
1268; PORTO ALEGRE 10 - 230;    4,982
1270; PORTO ALEGRE 13 - 230;    4,982
1259; PORTO ALEGRE 4 - 230;    4,982
1263; PORTO ALEGRE 6 - 230;    4,982
1264; PORTO ALEGRE 8 - 230;    4,982
1267; PORTO ALEGRE 9 - 230;    4,982
1032; PALH-F-SC230;    4,982
1034; PALHOCA--230;    4,982
7221; PALMAS - 230;   11,462
2990; PALMEIRAS - 230;    7,996
997; PAMPAS RS - 525;    5,037
3008; PARACATU 4 - 500;    8,783
5254; PARAISO RN - 230;   13,210
2978; PARANAIBA - 230;    7,492
10399; PARANA MS - 230;    6,868
667; N.PARA PTA - 230;    4,982
4448; PARECIS--230;    9,001
8331; PARINTINS - 230;   10,781
4494; PARANAITA - 500;    9,331
4565; PARTINGA - 500;    8,305
4599; PARTINGA - 230;    6,902
852; P.BRANCO - 230;    5,265
5371; PECEM II - 230;   13,154
5370; PECEM II - 500;   12,845
7113; PEIXE 2 - 500;   10,684
7112; PEIXE - 500;   10,685
1236; PELOTA-3-230;    5,039
5291; PENEDO - 230;    8,521
5531; PERITORO-230;    9,681
9350; PEROXIDOS - 230;    4,982
1592; PORTO ESTRELA - 230;    6,576
2459; POSTO FISCAL - 230;    4,982
1041; PASSO FUNDO - 230;    5,622
10009; PONTA GROSSA PR - 230;    4,982
10008; PONTA GROSSA PR - 525;    4,982
829; P.GROSSA N - 230;    4,982
831; P. GROSSA PR - 230;    4,982
5641; PICI - 230;   11,659
5671; PICOS - 230;   13,310
819; PILARZINHO - 230;    4,982
367; PIMENTA - 345;    5,998
6225; PINDAI II - 230;   10,849
9840; PINHALZINHO 2 - 230;    5,336
573; PIRACICABA - 440;    4,982
5832; PIRAJA - 230;    8,787
641; PIRAJU - 230;    4,982
4051; PIRAPORA II - 345;    9,463
4049; PIRAPORA 2 - 500;    9,458
5131; PIRAPAMA II - 230;   10,887
487; PIRATININGA 2 - 345;    4,982
484; PIRATININGA - 230;    4,982
3723; PIRINEUS - 230;    6,762
3518; PIRINEUS - 345;    7,764
5491; PIRIPIRI-230;   11,903
421; PIRITUBA - 230;    4,982
7184; PITOMBEIRA - 230;   13,215
5842; PITUACU - 230;    8,168
790; PLANALTO-230;    7,267
1239; P.MEDICI - 230;    5,797
5734; PNBIII PI - 230;   12,245
5679; PNBIII-PI500;   12,258
5292; POCIII-BA230;    6,996
5861; POCOES - 230;    6,921
5860; POCOES II - 500;    7,972
5761; POLO - 230;    8,620
9865; PONTAL - 230;    4,982
9819; POVO NOVO - 230;    5,139
9818; POVO NOVO - 525;    5,238
4351; PPARA2 MG - 500;    7,312
1204; P.PETROQUIMIC - 230;    4,982
544; P. PRIMAVERA - 440;    6,658
1243; PASSO REAL - 230;    5,653
10003; PARANAVAI NORTE - 230;    4,982
5325; QUEIMADA NOVA II - 500;   12,755
1246; QUINTA---230;    5,119
9450; QUIRINOPOLIS - 230;    9,063
5428; QUIXADA--500;   13,054
5337; QUIXERE - 230;   13,763
6950; R.BRANCO - 230;    6,914
8171; RIO DAS EGUAS - 230;   10,609
6444; RIO DAS EGUAS - 500;   10,840
8172; RIO FORMOSO II -230;   10,529
5111; RIO LARGO II - 230;    8,472
3032; RIO NOVO SUL - 345;    6,361
3011; RIBPRETO-500;    6,073
231; R.VERDE - 230;    7,689
466; RAM REBERT F - 345;    4,982
1087; RIO BRILHANTE - 230;    5,909
3501; RIO CLARO 2 - 230;    7,622
9890; REALEZA - 230;    4,982
5140; RECIFE II - 500;   11,412
9399; REPAR - 230;    4,982
413; REPLAN - 440;    4,982
87; RESENDE - 500;    5,432
9302; RESTINGA-230;    4,982
5430; RIB.GONCALVES - 230;   12,212
5436; RIB.GONCALVES - 500;   12,151
6146; RIACHAO II - 230;   12,835
4518; RIBEIRAO-230;    7,568
4517; RIBEIRAO-500;    7,779
5281; RIBEIRAO 230;   10,028
563; RIBEIRAO PRETO - 440;    5,688
5958; RIO ALTO PB - 230;   12,467
6316; RIO GRANDE - 230;   10,733
949; RIO DO SUL - 230;    4,982
3061; RIO NOVO SUL - 500;    6,435
4522; RONDONOPOLIS - 230;    7,884
423; ROSANA SP - 230;    5,793
6541; RUROPOLIS - 230;    4,982
5431; RUSSAS II - 230;   13,215
7079; R. VERDE GO - 230;    7,347
4531; R.VERDE NORTE - 500;    7,330
9992; RATONES - 230;    4,982
594; SANTO ANGELO - 345;    4,982
593; SANTO ANGELO - 44;    4,982
461; SANTA CABECA - 230;    4,982
5571; SAO JOAO DO PIAUI - 230;   12,629
5570; SAO JOAO DO PIAUI - 500;   12,428
108; SAO JOSE - 500;    5,264
454; SAO JOSE - 230;    4,982
230; SAO SALVADOR - 230;   10,427
235; SERRA DA MESA - 500;   10,081
7064; UHE SANTO ANTONIO - 500;   14,721
5891; SA. JESUS - 230;    7,511
5645; S.ANTON LOPES - 500;   12,209
1497; SABARA 3 - 230;    6,588
612; SALTO GRANDE - 230;    4,982
9460; SALTO GO - 230;    8,797
527; SALTO - 440;    4,982
234; SAMAMBAIA - 345;    8,275
233; SAMAMBAIA - 500;    8,935
6890; SAMUEL - 230;    7,631
1250; SANTO ANGELO 2 - 230;    5,232
1046; SAGESUL - 230;    5,297
1045; SANTO ANGELO - 525;    5,387
6562; SANTANA PA - 230;    6,089
5732; SANTANA II AL - 230;   12,476
6368; SAPEACU - 230;    8,498
6369; SAPEACU - 500;    9,145
872; SARANDI 2 - 230;    4,982
10000; SARANDI - 525;    5,170
4338; SARZEDO--345;    6,422
567; SANTA BARBARA - 440;    4,982
5481; SOBRAL II - 230;   12,102
6331; SENHOR DO BONFIM II - 230;   12,554
1254; SAO BORJA - 230;    5,239
5488; SOBRAL III - 230;   12,453
897; SALTO CAXIAS - 525;    5,663
5731; SCHINCARIOL BA - 230;    8,713
9780; SCHARLAU 2 - 230;    4,982
5528; SCHINCARIOLMA - 230;    9,245
5162; SCHINCARIOL PE - 230;   10,475
1256; SANTA CRUZ 1 - 230;    4,982
4098; SANT.DUMONT 2 - 345;    5,188
856; SALTO SEGREDO - 525;    5,449
378; SAO GONCALO - 500;    6,852
391; SAO GOTARDO - 345;    8,531
390; SAO GOTARDO - 500;    7,276
1057; SIDEROPOLIS - 230;    4,982
1056; SIDEROPOLIS 2 - 230;    4,982
1055; SIDEROPOLIS 2 - 525;    4,982
1085; SIDROLANDIA - 230;    5,606
7536; SILVANIA - 500;    6,864
8400; SILVES - 500;   10,751
44705; SIMPLICE - 230;   13,923
4479; SINOP - 500;    8,879
4582; SINOP MT - 230;    7,958
4720; SINOP MT - 500;    8,668
1475; S.LAGOA 4 - 345;    7,183
5561; SAO LUIS I - 230;   10,979
5551; SAO LUIS II - 230;   11,127
5550; SAO LUIS 2 MA - 500;   11,811
5691; SAO LUIS III - 230;   10,886
5689; SAO LUIS IV - 230;   11,348
5688; SAO LUIS 4 MA - 500;   11,798
5926; SANTA LUZIA II - 500;   12,961
4491; S.MANOEL - 500;    9,331
1278; SANTA MARIA 3 - 230;    5,559
1281; SANTA MARTA - 230;    4,982
834; S.MATEUS SUL - 230;    4,982
3029; SAO MATEUS 2 - 230;    6,059
299; S.MESA 2 - 500;   10,120
2477; SANTA MONICA - 230;    4,982
5480; SOBRALIII500;   12,540
6301; SOBRADINHO - 230;   12,949
6300; SOBRADINHO - 500;   12,539
8714; SOL DO SERTAO - 500;   11,424
9102; SOLVAY - 440;    4,982
7736; SORRISO 2 - 230;    7,853
4562; SORRISO - 230;    7,811
1047; SALTO OSORIO - 230;    5,469
6754; SERRA PELADA - 500;   11,722
9537; SANTAQUITERIA - 230;    4,982
5271; SANTA RITA 2 - 230;   10,632
1283; SANTA ROSA - 230;    5,127
1060; SALTO SANTIAGO - 525;    5,426
370; SAO SIMAO - 500;    7,569
7050; UHE SANTO ANTONIO - 500 (Back-to-back);   11,716
6491; SANTA MARIA - 230;    8,319
5361; SUAPE II - 230;   11,069
5360; SUAPE II - 500;   11,389
5362; SUAPE III - 230;   11,048
474; SUL - 345;    4,982
570; SUMARE - 440;    4,982
7923; SURUBIM - 500;   12,436
8403; STA RITA 3 - 500;   10,728
8404; STA RITA 4 - 500;   10,728
8401; STA RITA 1 - 500;   10,810
8402; STA RITA 2 - 500;   10,810
1286; S.VICENTE - 230;    5,278
9822; S V PALMAR 2 - 525;    5,504
9605; TERMINAL RIO - 500;    5,509
5121; TACAIMBO - 230;   11,113
5378; TACARATU - 230;   13,089
6551; TAPAJOS - 230;    4,982
1291; TAPERA - 230;    4,982
373; TAQUARIL - 230;    6,332
372; TAQUARIL - 345;    6,237
1249; TAQUARA - 230;    4,982
547; TAQUARACU - 440;    6,262
5611; TAUA - 230;   12,451
600; TAUBATE - 230;    4,982
599; TAUBATE - 440;    4,982
598; TAUBATE - 500;    5,186
6062; TABOCAS DO BREJO VELHO - 230;   12,150
4493; TELPIRES - 500;    9,331
5502; TERESINA II - 230;   10,997
5500; TERESINA II - 500;   12,165
5501; TERESINA - 230;   10,279
5991; T. FREITA II - 230;    6,668
5917; TIANGD CE - 230;   12,215
5176; TIANGD CE - 500;   12,330
9030; TIMOTEO - 230;    5,293
4072; TIMOTEO 2 - 230;    5,895
381; TRES MARIAS - 230;    9,479
380; TRES MARIAS - 345;    9,038
5871; TOMBA - 230;    7,939
6535; TOME ACU - 230;    8,948
9693; TORRES 2 - 230;    4,982
6101; TOUROS - 230;   13,622
9106; TOYOTA - 230;    4,982
82; TIJUCO PRETO 2 - 345;    4,982
78; TIJUCO PRETO - 345;    4,982
77; TIJUCO PRETO - 500;    4,982
76; TIJUCO PRETO - 765;    4,982
6531; TRANSAMAZONIC - 230;    6,138
425; TR.CENTRO 1 - 230;    4,982
426; TR.CENTRO 2 - 230;    4,982
4571; TRINDADE - 230;    6,587
4570; TRINDADE - 500;    6,864
5321; TERESINA III - 230;   11,025
1063; TUBARAO SUL - 230;    4,982
6416; TUCURUI - 230;   11,425
6430; TUCURUI 2 - 500;   11,961
6410; TUCURUI - 500;   12,056
820; UBERABA - 230;    4,982
821; UMBARA - 230;    4,982
9725; UMUARAMA SUL - 230;    4,982
1296; URUGUAINA 5 - 230;    5,353
1294; URUGUAIANA - 230;    5,358
6481; UTINGA - 230;    9,343
10134; U. VITORIA NORTE - 230;    4,982
6461; VILA DO CONDE - 230;    9,917
6460; VILA DO CONDE - 500;   10,914
1781; VENDA PEDRAS - 345;    5,207
394; VALADARES - 230;    6,854
4360; VARGINHA 4 - 345;    5,389
6479; V. CONDE 4 - 230;    9,918
1299; V.AIRES - 230;    4,982
2910; VERONA - 230;    5,992
4028; VESPASIANO 2 - 500;    7,196
396; VOLTA GRANDE - 345;    6,940
4711; V. GRANDE MT - 230;    7,437
9263; VIAMAO 3 - 230;    4,982
90; VIANA - 345;    6,277
3019; VIANA 2 - 345;    6,390
3021; VIANA 2 - 500;    6,564
1074; VIDEIRA - 230;    5,056
6800; VILHENA - 230;    7,176
149; VITORIA - 345;    6,162
398; VARZEA PALMA 1 - 345;    9,430
9920; VILA MARIA – 230;    4,982
9836; VINHEDOS - 230;    4,982
1069; XANXERE - 230;    5,521
766; XAVANTES - 230;    6,291
491; XAVANTES - 345;    4,982
5060; XINGO - 500;   11,793
8106; XINGU - 230;   10,762
8100; XINGU - 500;   12,075
6571; XINGUARA 2 - 230;    7,773
9601; ZONA OESTE - 500;    5,337
6262; ZEBU - 230;   12,058
