Número;Nome;T_C N-1;RB_Reg.;RB_Nac.;RB_Média;TB_>= Piso;LI_Env I;LS_Env S;T_C N
542; TRES IRMAOS - 440;;  7,879;  0,000;  4,728;  4,408;;;  4,408;
8344; ABAIARA - 230;;  8,120; 17,096; 11,710; 11,312;;; 11,312;
9739; ABDON BATISTA - 230;;  3,560;  0,000;  2,136;  4,408;;;  4,408;
9738; ABDON BATISTA - 525;;  3,296;  0,000;  1,977;  4,408;;;  4,408;
6930; ABUNA - 230;;  9,251;  0,000;  5,551;  5,152;;;  5,152;
6700; ACAILANDIA - 500;;  9,316; 13,560; 11,014; 10,615;;; 10,615;
5923; ACARAT CE - 230;;  9,003; 16,047; 11,821; 11,422;;; 11,422;
5318; ACARAT-CE500;;  9,006; 15,921; 11,772; 11,373;;; 11,373;
5486; ACARAU II – 230;;  9,007; 16,084; 11,838; 11,439;;; 11,439;
1596; ACESITA - 230;;  4,823;  2,239;  3,789;  4,408;;;  4,408;
5461; ACU II - 230;;  9,701; 18,028; 13,032; 12,633;;; 12,633;
5351; ACU III - 230;;  9,819; 18,170; 13,159; 12,760;;; 12,760;
5350; ACU III - 500;;  9,665; 17,560; 12,823; 12,424;;; 12,424;
140; ADRIANOPOLIS - 345;;  5,210;  0,372;  3,275;  4,408;;;  4,408;
106; ADRIANOPOLIS - 500;;  5,399;  0,296;  3,358;  4,408;;;  4,408;
2987; AG.LINDAS230;;  8,002;  4,762;  6,706;  6,307;;;  6,307;
453; AGUA AZUL - 440;;  4,213;  0,000;  2,528;  4,408;;;  4,408;
4043; AIMORES - 230;;  7,164;  3,645;  5,756;  5,358;;;  5,358;
6000; ALAGOAS 2 - 230;;  5,058; 12,181;  7,907;  7,508;;;  7,508;
1186; ALEGRETE2 - 230;;  3,018;  0,000;  1,811;  4,408;;;  4,408;
8163; ALEX - 230;;  9,750; 18,552; 13,271; 12,872;;; 12,872;
6521; ALTAMIRA - 230;;  6,924; 11,115;  8,601;  8,202;;;  8,202;
668; ALTA PAULISTA - 400;;  7,058;  0,000;  4,235;  4,408;;;  4,408;
1078; ANASTACIO - 230;;  6,968;  0,000;  4,181;  4,408;;;  4,408;
44594; ANEMUS - 230;;  9,810; 18,575; 13,316; 12,917;;; 12,917;
5100; ANGELIM - 500;;  7,835; 15,568; 10,928; 10,529;;; 10,529;
5101; ANGELIM - 230;;  7,459; 15,548; 10,695; 10,296;;; 10,296;
105; ANGRA - 500;;  5,741;  0,287;  3,559;  4,408;;;  4,408;
760; ANHANGUERA GO - 230;;  7,100;  1,536;  4,874;  4,475;;;  4,475;
431; ANHANGUERA SP - 230;;  2,688;  0,000;  1,613;  4,408;;;  4,408;
439; ANHANGUERA - 345;;  3,554;  0,000;  2,132;  4,408;;;  4,408;
458; APARECIDA - 230;;  4,724;  0,000;  2,834;  4,408;;;  4,408;
878; APUCARANA - 230;;  3,625;  0,000;  2,175;  4,408;;;  4,408;
5381; AQUIRAZ - 230;;  8,156; 16,635; 11,547; 11,149;;; 11,149;
4070; ARACUAI - 230;; 12,382;  7,656; 10,491; 10,092;;; 10,092;
6081; ARAPIRACA III - 230;;  3,034; 11,433;  6,393;  5,994;;;  5,994;
559; ARARAQUARA - 440;;  5,725;  0,000;  3,435;  4,408;;;  4,408;
101; ARARAQUARA - 500;;  6,500;  0,000;  3,900;  4,408;;;  4,408;
99; ARARAQUARA - 525;;  6,500;  0,000;  3,900;  4,408;;;  4,408;
589; ARARAS SP - 440;;  4,871;  0,000;  2,923;  4,408;;;  4,408;
7058; ARARAQUARA 2 - 440;;  6,218;  0,000;  3,731;  4,408;;;  4,408;
7057; ARARAQUARA 2 - 500;;  6,488;  0,000;  3,893;  4,408;;;  4,408;
5092; ARCOVERDE II - 230;;  7,560; 15,691; 10,812; 10,413;;; 10,413;
934; AREIA - 230;;  3,125;  0,000;  1,875;  4,408;;;  4,408;
933; AREIA - 525;;  4,040;  0,000;  2,424;  4,408;;;  4,408;
4349; ARINOS 2 - 500;; 12,111;  8,846; 10,805; 10,406;;; 10,406;
6880; ARIQUEMES - 230;;  8,873;  0,000;  5,324;  4,925;;;  4,925;
45680; ASOLO 2 - 230;;  9,888;  2,544;  6,950;  6,551;;;  6,551;
552; ASSIS - 440;;  6,122;  0,000;  3,673;  4,408;;;  4,408;
556; ASSIS - 525;;  5,801;  0,000;  3,481;  4,408;;;  4,408;
551; ASSIS 2 - 230;;  5,194;  0,000;  3,117;  4,408;;;  4,408;
697; ATIBAIA 2 - 345;;  4,015;  0,000;  2,409;  4,408;;;  4,408;
1330; ATLANTIDA 2 - 230;;  1,394;  0,000;  0,836;  4,408;;;  4,408;
629; AVARE - 230;;  2,867;  0,000;  1,720;  4,408;;;  4,408;
3150; AVARE NOVA - 230;;  2,867;  0,000;  1,720;  4,408;;;  4,408;
536; AGUA VERMELHA - 440;;  7,680;  0,377;  4,758;  4,408;;;  4,408;
535; AGUA VERMELHA - 500;;  7,930;  1,092;  5,195;  4,796;;;  4,796;
451; AVILLAR - 230;;  3,265;  0,000;  1,959;  4,408;;;  4,408;
9892; ANDIRA LESTE - 230;;  3,914;  0,000;  2,348;  4,408;;;  4,408;
229; BARRO ALTO - 230;;  9,168;  6,229;  7,992;  7,593;;;  7,593;
4040; BARRO BRANCO - 345;;  6,234;  2,012;  4,545;  4,408;;;  4,408;
9444; B. DOS COQUEIROS - 230;;  9,852;  2,532;  6,924;  6,525;;;  6,525;
5511; B.ESPERANCA - 230;;  8,091; 13,962; 10,440; 10,041;;; 10,041;
5510; B.ESPERANCA - 500;;  9,291; 13,933; 11,148; 10,749;;; 10,749;
227; BRASILIA GERAL - 230;;  7,335;  3,656;  5,863;  5,464;;;  5,464;
574; BOM JARDIM - 440;;  4,524;  0,000;  2,715;  4,408;;;  4,408;
7181; B.JESUS II - 230;;  8,865; 13,404; 10,680; 10,282;;; 10,282;
3699; BRASILIA LESTE - 500;;  9,152;  6,014;  7,897;  7,498;;;  7,498;
5401; BOM NOME - 230;;  8,082; 16,666; 11,516; 11,117;;; 11,117;
4502; BARRA PEIXE - 230;;  8,792;  0,832;  5,608;  5,209;;;  5,209;
228; BRAS. SUL - 230;;  7,834;  4,017;  6,307;  5,908;;;  5,908;
219; BRAS. SUL -345;;  8,417;  4,782;  6,963;  6,564;;;  6,564;
5684; BACAB - MA - 500;;  8,783; 14,689; 11,145; 10,747;;; 10,747;
1188; BAGE 2 - 230;;  2,843;  0,000;  1,706;  4,408;;;  4,408;
478; BAGUACU - 440;;  6,629;  0,000;  3,978;  4,408;;;  4,408;
1495; BAGUARI - 230;;  7,148;  3,916;  5,855;  5,456;;;  5,456;
9354; BAIXO IGUACU PR - 230;;  3,761;  0,000;  2,256;  4,408;;;  4,408;
472; B. SANTISTA - 230;;  2,920;  0,000;  1,752;  4,408;;;  4,408;
471; B. SANTISTA - 345;;  3,394;  0,000;  2,036;  4,408;;;  4,408;
8501; BALBINA - 230;;  6,880; 11,538;  8,743;  8,345;;;  8,345;
5391; BALSAS - 230;;  9,369; 13,489; 11,017; 10,618;;; 10,618;
5421; BANABUIU - 230;;  9,094; 17,869; 12,604; 12,205;;; 12,205;
226; BANDEIRANTE GO - 230;;  7,396;  2,152;  5,298;  4,900;;;  4,900;
218; BANDEIRANTE GO - 345;;  8,085;  3,822;  6,380;  5,981;;;  5,981;
492; BANDEIRANTE SP - 345;;  3,327;  0,000;  1,996;  4,408;;;  4,408;
308; BARBACENA - 345;;  5,369;  0,729;  3,513;  4,408;;;  4,408;
6315; BARREIRAS II - 230;; 10,390; 11,129; 10,686; 10,287;;; 10,287;
6361; BARREIRAS - 230;; 10,030; 10,927; 10,389;  9,990;;;  9,990;
6360; BARREIRAS - 500;; 10,933; 10,849; 10,899; 10,500;;; 10,500;
313; BARREIRO - 345;;  6,617;  2,534;  4,984;  4,585;;;  4,585;
112; BATEIAS - 500;;  3,750;  0,000;  2,250;  4,408;;;  4,408;
113; BATEIAS 2 - 500;;  3,750;  0,000;  2,250;  4,408;;;  4,408;
814; BATEIAS - 230;;  2,678;  0,000;  1,607;  4,408;;;  4,408;
895; BATEIAS - 525;;  3,663;  0,000;  2,198;  4,408;;;  4,408;
114; BATEIAS 3 - 500;;  3,749;  0,000;  2,250;  4,408;;;  4,408;
561; BAURU SP - 440;;  5,553;  0,000;  3,332;  4,408;;;  4,408;
9004; BARAO DE COCAIS 3 - 230;;  5,711;  2,423;  4,396;  4,408;;;  4,408;
4050; B.DESPACHO - 500;;  7,539;  3,075;  5,753;  5,354;;;  5,354;
4337; BETIM 6 -345;;  7,064;  2,933;  5,412;  5,013;;;  5,013;
9626; B. FLUMINENSE - 500;;  5,480;  0,258;  3,391;  4,408;;;  4,408;
936; BARRA GRANDE - 230;;  3,922;  0,000;  2,353;  4,408;;;  4,408;
947; BAIXO IGUACU SC - 230;;  2,204;  0,000;  1,323;  4,408;;;  4,408;
946; BIGUACU--525;;  2,927;  0,000;  1,756;  4,408;;;  4,408;
6358; B.J.LAPA II - 230;; 11,178; 11,241; 11,203; 10,804;;; 10,804;
6349; BJLAPAII - 500;; 11,156; 10,507; 10,896; 10,498;;; 10,498;
6351; B.J.LAPA - 230;; 11,169; 11,313; 11,227; 10,828;;; 10,828;
939; BLUMENAU - 230;;  2,242;  0,000;  1,345;  4,408;;;  4,408;
938; BLUMENAU - 525;;  3,015;  0,000;  1,809;  4,408;;;  4,408;
5152; BONGI - 230;;  5,688; 14,321;  9,141;  8,742;;;  8,742;
625; BOTUCATU - 230;;  3,074;  0,000;  1,845;  4,408;;;  4,408;
7734; BRACEL - 440;;  5,174;  0,000;  3,104;  4,408;;;  4,408;
4868; BRASNORTE - 230;;  9,907;  0,798;  6,263;  5,864;;;  5,864;
9051; BRAUNA - 230;;  6,504;  3,338;  5,237;  4,839;;;  4,839;
6334; BROT.MACAUBAS - 230;; 11,843; 14,025; 12,716; 12,317;;; 12,317;
5941; BRUMADO II - 230;;  5,346;  5,260;  5,312;  4,913;;;  4,913;
6075; BURITIRAMA - 500;; 10,718; 12,834; 11,564; 11,165;;; 11,165;
5701; CIC.DANTAS - 230;;  6,536; 14,412;  9,686;  9,287;;;  9,287;
756; CACHOEIRA DOURADA - 230;;  9,991;  2,839;  7,130;  6,732;;;  6,732;
4512; C. MAGALHAES - 230;;  9,081;  0,892;  5,805;  5,406;;;  5,406;
5525; COELHO NETO - 230;;  6,056; 12,855;  8,776;  8,377;;;  8,377;
5262; CURRAIS NOVOS II - 230;;  9,810; 18,575; 13,316; 12,917;;; 12,917;
104; C. PAULISTA - 500;;  5,528;  0,000;  3,317;  4,408;;;  4,408;
7054; C.PORTO VELHO - 230;; 10,208;  0,000;  6,125;  5,726;;;  5,726;
7055; C.PORTO VELHO - 500;; 15,545;  4,631; 11,180; 10,781;;; 10,781;
8551; CRISTIANO ROCHA - 230;;  6,576; 11,194;  8,423;  8,024;;;  8,024;
590; CABREUVA - 230;;  3,424;  0,000;  2,054;  4,408;;;  4,408;
584; CABREUVA - 440;;  4,292;  0,000;  2,575;  4,408;;;  4,408;
9458; CACU - 230;;  9,852;  2,532;  6,924;  6,525;;;  6,525;
5098; CAETES II - 230;;  7,624; 15,703; 10,855; 10,457;;; 10,457;
41414; CAIACA-SC - 230;;  1,279;  0,000;  0,767;  4,408;;;  4,408;
10218; CRUZ ALTA 2 - 230;;  2,473;  0,000;  1,484;  4,408;;;  4,408;
5750; CAMACARI - 500;;  6,996; 11,637;  8,852;  8,453;;;  8,453;
5756; CAMACARI IV - 230;;  6,043; 11,054;  8,047;  7,648;;;  7,648;
5752; CAMACARI IV - 500;;  6,905; 11,743;  8,840;  8,441;;;  8,441;
9569; CAMAQUA 3 - 230;;  2,382;  0,000;  1,429;  4,408;;;  4,408;
1194; CAMAQUA - 230;;  2,276;  0,000;  1,366;  4,408;;;  4,408;
123; CAMPINAS - 345;;  4,276;  0,000;  2,566;  4,408;;;  4,408;
103; CAMPINAS - 500;;  5,236;  0,000;  3,141;  4,408;;;  4,408;
117; CAMPOS 2 - 500;;  6,278;  2,069;  4,594;  4,408;;;  4,408;
1198; CAMPO BOM - 230;;  2,180;  0,000;  1,308;  4,408;;;  4,408;
147; CAMPOS - 345;;  6,615;  1,895;  4,727;  4,408;;;  4,408;
4684; CANARANA CMT - 230;;  5,984;  1,653;  4,252;  4,408;;;  4,408;
9590; CANDELARIA 2 - 230;;  2,754;  0,000;  1,652;  4,408;;;  4,408;
9952; CANDIOTA 2 - 230;;  3,021;  0,000;  1,812;  4,408;;;  4,408;
9951; CANDIOTA 2 - 525;;  2,840;  0,000;  1,704;  4,408;;;  4,408;
9785; CANDIOTA - 230;;  3,591;  0,000;  2,155;  4,408;;;  4,408;
9786; CANDIOTA - 525;;  3,591;  0,000;  2,155;  4,408;;;  4,408;
1190; CANOA 1 - 230;;  1,686;  0,000;  1,012;  4,408;;;  4,408;
1248; CANOAS 2 - 230;;  2,119;  0,000;  1,271;  4,408;;;  4,408;
943; CANOINHA - 230;;  1,313;  0,000;  0,788;  4,408;;;  4,408;
1037; CAPIVARI-230;;  1,842;  0,000;  1,105;  4,408;;;  4,408;
1036; CAPIVARI-525;;  2,674;  0,000;  1,604;  4,408;;;  4,408;
549; CAPIVARA - 440;;  6,601;  0,000;  3,961;  4,408;;;  4,408;
3714; CARAJAS GO - 230;;  7,102;  0,321;  4,390;  4,408;;;  4,408;
6407; CARAJAS PA - 230;;  8,428; 12,118;  9,904;  9,505;;;  9,505;
477; CARBOCLORO - 230;;  2,799;  0,000;  1,679;  4,408;;;  4,408;
839; CASCAVEL - 230;;  3,445;  0,000;  2,067;  4,408;;;  4,408;
9538; CASCAVEL NORT - 230;;  3,423;  0,000;  2,054;  4,408;;;  4,408;
2458; CASCAVEL OESTE - 230;;  3,857;  0,000;  2,314;  4,408;;;  4,408;
896; CASCAVOE - 525;;  4,789;  0,000;  2,873;  4,408;;;  4,408;
10355; CASSILANDIA - 230;;  9,561;  1,033;  6,150;  5,751;;;  5,751;
2353; CAMPO ASSOBIO - 230;;  1,680;  0,000;  1,008;  4,408;;;  4,408;
6489; CASTANHA - 230;;  6,261; 10,714;  8,043;  7,644;;;  7,644;
9278; CASTERTECH - 230;;  2,603;  0,000;  1,562;  4,408;;;  4,408;
10138; CASTRO NORTE - 230;;  2,252;  0,000;  1,351;  4,408;;;  4,408;
5782; CATU - 230;;  5,409; 10,499;  7,445;  7,046;;;  7,046;
5651; CAIUPE - 230;;  8,133; 16,472; 11,469; 11,070;;; 11,070;
1200; CAXIAS SUL 2 - 230;;  2,650;  0,000;  1,590;  4,408;;;  4,408;
1192; CAXIAS 5 -230;;  2,474;  0,000;  1,485;  4,408;;;  4,408;
1386; CAXIAS 6 - 230;;  2,615;  0,000;  1,569;  4,408;;;  4,408;
965; CAXIAS - 230;;  2,763;  0,000;  1,658;  4,408;;;  4,408;
964; CAXIAS RS - 525;;  3,228;  0,000;  1,937;  4,408;;;  4,408;
10216; CAXIAS NORTE - 230;;  2,941;  0,000;  1,765;  4,408;;;  4,408;
10215; CAXIAS NORTE - 525;;  3,353;  0,000;  2,012;  4,408;;;  4,408;
607; CBA - 230;;  3,424;  0,000;  2,054;  4,408;;;  4,408;
608; CBA TERM - 440;;  3,941;  0,000;  2,364;  4,408;;;  4,408;
603; CBA 2 - 440;;  3,941;  0,000;  2,364;  4,408;;;  4,408;
9543; CBA LESTE - 230;;  1,988;  0,000;  1,193;  4,408;;;  4,408;
9542; CBA LESTE - 525;;  3,131;  0,000;  1,878;  4,408;;;  4,408;
9697; CURITIBA NORT - 230;;  2,130;  0,000;  1,278;  4,408;;;  4,408;
623; CAPAO BONITO - 230;;  0,287;  0,000;  0,172;  4,408;;;  4,408;
3964; CANA BRAVA - 230;; 10,430;  7,917;  9,425;  9,026;;;  9,026;
816; C.COMPRIDO - 230;;  2,220;  0,000;  1,332;  4,408;;;  4,408;
6132; CEAMIRIM - 230;;  9,025; 17,521; 12,423; 12,025;;; 12,025;
6130; CEA.MIRIM II - 500;;  9,299; 17,324; 12,509; 12,110;;; 12,110;
427; CENTRO - 230;;  2,084;  0,000;  1,250;  4,408;;;  4,408;
9731; CERRO CHATO - 230;;  3,458;  0,000;  2,075;  4,408;;;  4,408;
2035; CERQUILHO 3 - 230;;  2,134;  0,000;  1,280;  4,408;;;  4,408;
970; GARABI 2 - 500;;  3,631;  0,000;  2,179;  4,408;;;  4,408;
971; GARABI 1 - 500;;  3,631;  0,000;  2,179;  4,408;;;  4,408;
6107; CAMPO FORMOSO - 230;;  9,590; 15,355; 11,896; 11,497;;; 11,497;
1043; RIVERA - 230;;  3,267;  0,000;  1,960;  4,408;;;  4,408;
5222; CAMPINA GRANDE II - 230;;  7,949; 16,316; 11,296; 10,897;;; 10,897;
1025; CAMPO GRANDE II - 230;;  8,021;  0,000;  4,813;  4,414;;;  4,414;
5202; CAMPINA GRANDE III - 230;;  8,078; 16,389; 11,402; 11,003;;; 11,003;
5200; CAMPINA GRANDE III - 500;;  8,727; 16,619; 11,884; 11,485;;; 11,485;
5303; CHAPADA 1 PI - 230;; 10,278; 16,131; 12,619; 12,220;;; 12,220;
6631; CHAPADA 2 PI - 230;; 10,225; 16,209; 12,618; 12,220;;; 12,220;
5305; CHAPADA 3 PI - 230;; 10,421; 16,301; 12,773; 12,374;;; 12,374;
1089; CHAPADAO - 230;;  9,561;  1,033;  6,150;  5,751;;;  5,751;
5685; CHAPADINHA II - 230;;  6,454; 13,060;  9,096;  8,697;;;  8,697;
10276; CHARQUEADAS 3 - 230;;  2,193;  0,000;  1,316;  4,408;;;  4,408;
951; CHARQUEADAS (SE) - 230;;  2,003;  0,000;  1,202;  4,408;;;  4,408;
615; CHAVANTES - 230;;  3,878;  0,000;  2,327;  4,408;;;  4,408;
7784; HELIO VALGAS MG - 345;; 11,073;  6,429;  9,216;  8,817;;;  8,817;
815; C.IND. CURITIBA - 230;;  1,992;  0,000;  1,195;  4,408;;;  4,408;
1258; C.INDUSTRIAL - 230;;  1,873;  0,000;  1,124;  4,408;;;  4,408;
4495; CLAUDIA - 500;; 10,331;  1,781;  6,911;  6,512;;;  6,512;
5751; CAMACARI II - 230;;  6,117; 10,799;  7,990;  7,591;;;  7,591;
954; C.MOURAO - 230;;  3,256;  0,000;  1,954;  4,408;;;  4,408;
956; CAMPOS NOVOS - 230;;  3,733;  0,000;  2,240;  4,408;;;  4,408;
955; CAMPOS NOVOS - 525;;  3,415;  0,000;  2,049;  4,408;;;  4,408;
789; CODEMI GO- 230;;  9,969;  7,459;  8,965;  8,566;;;  8,566;
4465; COLIDER - 500;; 10,331;  1,781;  6,911;  6,512;;;  6,512;
7300; COLINAS - 500;;  9,698; 12,749; 10,918; 10,520;;; 10,520;
9607; COMPERJ - 345;;  5,661;  0,788;  3,712;  4,408;;;  4,408;
5621; SE COREMAS II - 230;;  8,482; 16,462; 11,674; 11,275;;; 11,275;
1018; CORUMBA 2 - 30;;  6,814;  0,000;  4,089;  4,408;;;  4,408;
220; CORUMBA - 345;;  8,357;  3,581;  6,447;  6,048;;;  6,048;
5802; COTEGIPE - 230;;  5,626; 10,581;  7,608;  7,209;;;  7,209;
5216; COTEMINAS - 230;;  7,726; 16,090; 11,072; 10,673;;; 10,673;
4532; COXIPO - 230;;  8,843;  0,421;  5,474;  5,075;;;  5,075;
27; C. PAULISTA 2 - 500;;  5,528;  0,000;  3,317;  4,408;;;  4,408;
319; CONSE. PENA - 230;;  6,845;  3,835;  5,641;  5,242;;;  5,242;
8319; CRATO 2 - 230;;  8,908; 16,101; 11,785; 11,386;;; 11,386;
9104; U.CUBATAO - 230;;  2,916;  0,000;  1,749;  4,408;;;  4,408;
9105; CUBATAO - 230;;  2,916;  0,000;  1,749;  4,408;;;  4,408;
4515; CUIABA - 230;;  8,921;  0,495;  5,551;  5,152;;;  5,152;
4514; CUIABA - 500;;  8,899;  0,579;  5,571;  5,172;;;  5,172;
960; CURITIBA - 230;;  2,434;  0,000;  1,461;  4,408;;;  4,408;
959; CURITIBA - 525;;  3,329;  0,000;  1,997;  4,408;;;  4,408;
6641; CURRAL NOVO PIAUI - 230;; 10,463; 16,046; 12,696; 12,297;;; 12,297;
6640; CURRAL NOVO PIAUI - 500;; 10,181; 15,373; 12,258; 11,859;;; 11,859;
44812; VEREDA - 345;; 10,957;  6,218;  9,062;  8,663;;;  8,663;
5471; DELM. GOUVEIA - 230;;  7,198; 15,546; 10,537; 10,138;;; 10,138;
5804; D.PITUACU - 230;;  5,277; 10,324;  7,296;  6,897;;;  6,897;
420; DOMENICO RANGONI - 345;;  3,444;  0,000;  2,067;  4,408;;;  4,408;
4892; DARDANELOS - 230;; 10,185;  0,918;  6,478;  6,079;;;  6,079;
5730; DER.OLD 1- 230;;  5,917; 12,577;  8,581;  8,182;;;  8,182;
945; DESTERRO - 230;;  0,994;  0,000;  0,596;  4,408;;;  4,408;
1223; DONA FRANCISCA - 230;;  3,506;  0,000;  2,104;  4,408;;;  4,408;
818; D. INDUSTRIAL SJP - 230;;  1,734;  0,000;  1,041;  4,408;;;  4,408;
10101; DOURADOS 2 - 230;;  6,565;  0,000;  3,939;  4,408;;;  4,408;
1086; DOURADOS - 230;;  6,389;  0,000;  3,833;  4,408;;;  4,408;
5681; E. MARTIN - 230;;  8,962; 14,856; 11,320; 10,921;;; 10,921;
410; EDGARD SOUZA - 230;;  2,937;  0,000;  1,762;  4,408;;;  4,408;
3018; EDEIA - 230;;  9,784;  2,247;  6,769;  6,370;;;  6,370;
1212; ELDORADO - 230;;  1,867;  0,000;  1,120;  4,408;;;  4,408;
5872; EMBASA - 230;;  6,152;  9,356;  7,433;  7,034;;;  7,034;
320; EMBORCACAO - 500;;  8,410;  3,421;  6,415;  6,016;;;  6,016;
582; EMBU-GUACU - 345;;  3,490;  0,000;  2,094;  4,408;;;  4,408;
581; EMBU-GUACU - 440;;  3,827;  0,000;  2,296;  4,408;;;  4,408;
6001; ENCRUZO - 230;;  5,939; 12,594;  8,601;  8,202;;;  8,202;
41413; ENSEAD-SC2 - 30;;  1,631;  0,000;  0,978;  4,408;;;  4,408;
3012; ESTREITO - 345;;  6,788;  1,139;  4,528;  4,408;;;  4,408;
3010; ESTREITO - 500;;  6,767;  1,405;  4,622;  4,408;;;  4,408;
5972; EUNAPOLI - 230;;  4,649;  3,916;  4,356;  4,408;;;  4,408;
6131; EXTREMOZ II - 230;;  8,599; 17,227; 12,051; 11,652;;; 11,652;
610; F.DIAS - 440;;  5,301;  0,000;  3,181;  4,408;;;  4,408;
609; F.DIAS - 500;;  5,775;  0,000;  3,465;  4,408;;;  4,408;
60; F.IGUACU - 765;;  4,885;  0,000;  2,931;  4,408;;;  4,408;
962; FARROUPILHA - 230;;  2,577;  0,000;  1,546;  4,408;;;  4,408;
1071; FOZ DO CHAPECO - 230;;  3,740;  0,000;  2,244;  4,408;;;  4,408;
898; FCHOPIM--230;;  3,592;  0,000;  2,155;  4,408;;;  4,408;
6980; FEIJO - 230;;  8,405;  0,000;  5,043;  4,644;;;  4,644;
41450; FIBR-F RS - 230;;  1,891;  0,000;  1,135;  4,408;;;  4,408;
1315; FIBRAPLAC - 230;;  1,848;  0,000;  1,109;  4,408;;;  4,408;
843; F.IGUACUNORTE - 230;;  1,639;  0,000;  0,984;  4,408;;;  4,408;
884; FIGUEIRA - 230;;  3,201;  0,000;  1,920;  4,408;;;  4,408;
2992; FIRMINOPOLIS - 230;;  9,350;  1,669;  6,278;  5,879;;;  5,879;
5420; FLORESTA II - 230;;  8,236; 16,083; 11,375; 10,976;;; 10,976;
5755; FORD - 230;;  5,538; 10,863;  7,668;  7,269;;;  7,269;
961; FORQUILINHA - 230;;  1,741;  0,000;  1,044;  4,408;;;  4,408;
5452; FORTALEZA - 230;;  8,221; 16,334; 11,467; 11,068;;; 11,068;
9435; F.IGUACU - 500;;  4,896;  0,000;  2,937;  4,408;;;  4,408;
5458; FORTALEZA II - 230;;  8,282; 16,331; 11,502; 11,103;;; 11,103;
5451; FORTALEZA II - 500;;  9,126; 16,671; 12,144; 11,745;;; 11,745;
5902; FUNIL - 230;;  4,604;  5,347;  4,901;  4,503;;;  4,503;
136; FURNAS - 345;;  6,359;  0,904;  4,177;  4,408;;;  4,408;
8980; FUTURA - 500;;  9,772; 14,668; 11,730; 11,331;;; 11,331;
763; GOIANIA LESTE - 230;;  6,431;  0,777;  4,170;  4,408;;;  4,408;
5881; G. MANGABEIRA - 230;;  6,268;  9,440;  7,537;  7,138;;;  7,138;
8393; GAMELEIRA - 230;;  9,264; 16,576; 12,189; 11,790;;; 11,790;
972; GARABI 1 - 525;;  3,631;  0,000;  2,179;  4,408;;;  4,408;
973; GARABI 2 - 525;;  3,631;  0,000;  2,179;  4,408;;;  4,408;
5091; GARANHUNS II - 230;;  7,689; 15,716; 10,900; 10,501;;; 10,501;
5090; GARANHUNS - 500;;  8,283; 15,859; 11,313; 10,915;;; 10,915;
1206; GARIBALDI - 230;;  2,138;  0,000;  1,283;  4,408;;;  4,408;
9533; GASPAR 2 -230;;  1,358;  0,000;  0,815;  4,408;;;  4,408;
10081; GASPAR 2 - 525;;  3,036;  0,000;  1,821;  4,408;;;  4,408;
800; AREIA - 500;;  4,040;  0,000;  2,424;  4,408;;;  4,408;
6061; GENTIO DO OURO II - 230;; 11,473; 12,945; 12,062; 11,663;;; 11,663;
6060; GENTIO DO OURO II - 500;; 10,986; 12,089; 11,427; 11,028;;; 11,028;
585; GERDAU SP - 440;;  4,035;  0,000;  2,421;  4,408;;;  4,408;
540; GETULINA - 440;;  6,285;  0,000;  3,771;  4,408;;;  4,408;
7191; GILBUES - 230;;  9,878; 12,650; 10,987; 10,588;;; 10,588;
7190; GILBUES II - 500;; 10,372; 12,938; 11,398; 10,999;;; 10,999;
3023; GOIANIA - 230;;  7,396;  2,152;  5,298;  4,900;;;  4,900;
5201; GOIANINHA - 230;;  6,550; 15,133;  9,984;  9,585;;;  9,585;
817; PARIGOT SOUZA - 230;;  1,180;  0,000;  0,708;  4,408;;;  4,408;
107; GRAJAU - 500;;  5,204;  0,146;  3,181;  4,408;;;  4,408;
1210; GRAVATA2 - 230;;  1,970;  0,000;  1,182;  4,408;;;  4,408;
1313; GRAVATAI3 - 230;;  1,864;  0,000;  1,119;  4,408;;;  4,408;
976; GRAVATAI - 525;;  2,818;  0,000;  1,691;  4,408;;;  4,408;
813; GRALHA AZUL - 230;;  2,605;  0,000;  1,563;  4,408;;;  4,408;
978; GUAIRA F -230;;  4,645;  0,000;  2,787;  4,408;;;  4,408;
1199; GUAIBA - 230;;  2,277;  0,000;  1,366;  4,408;;;  4,408;
975; GUAIBA3 - 230;;  2,353;  0,000;  1,412;  4,408;;;  4,408;
974; GUAIBA3 - 525;;  2,934;  0,000;  1,761;  4,408;;;  4,408;
873; GUAIRA F - 525;;  4,766;  0,000;  2,860;  4,408;;;  4,408;
6471; GUAMA - 230;;  7,037; 11,265;  8,728;  8,329;;;  8,329;
10136; GUARAPUAVA OESTE - 230;;  3,097;  0,000;  1,858;  4,408;;;  4,408;
1213; GUARITA - 230;;  2,865;  0,000;  1,719;  4,408;;;  4,408;
126; GUARULHOS - 345;;  3,774;  0,000;  2,265;  4,408;;;  4,408;
1529; GUILMAN - 230;;  6,816;  3,621;  5,538;  5,139;;;  5,139;
7106; GURUPI - 230;; 10,023; 10,437; 10,189;  9,790;;;  9,790;
7100; GURUPI - 500;;  9,894; 10,143;  9,993;  9,594;;;  9,594;
9123; GV - 230;;  4,399;  0,000;  2,639;  4,408;;;  4,408;
4352; VALADARES 6 - 500;;  6,927;  3,826;  5,687;  5,288;;;  5,288;
480; HENRY BORDEN - 230;;  2,802;  0,000;  1,681;  4,408;;;  4,408;
9351; HUBNER - 230;;  2,300;  0,000;  1,380;  4,408;;;  4,408;
6011; IBIAPINA II – 230;;  8,555; 15,566; 11,359; 10,960;;; 10,960;
6362; IBICOARA - 230;;  7,449;  6,750;  7,169;  6,770;;;  6,770;
6359; IBICOARA - 500;;  8,721;  7,652;  8,294;  7,895;;;  7,895;
886; IBIPORA - 230;;  3,057;  0,000;  1,834;  4,408;;;  4,408;
86; IBIUNA - 345;;  4,257;  0,000;  2,554;  4,408;;;  4,408;
122; IBIUNA - 500;;  4,624;  0,000;  2,775;  4,408;;;  4,408;
5631; ICO - 230;;  8,857; 17,149; 12,174; 11,775;;; 11,775;
6171; IGAPORA II - 230;; 11,121;  9,903; 10,634; 10,235;;; 10,235;
6221; IGAPORA III - 230;; 11,055;  9,686; 10,508; 10,109;;; 10,109;
6220; IGAPORA III - 500;; 10,856;  9,171; 10,182;  9,783;;;  9,783;
10258; IGUATEMI 2 MS - 230;;  4,857;  0,000;  2,914;  4,408;;;  4,408;
1323; IJUI 2 - 230;;  2,446;  0,000;  1,468;  4,408;;;  4,408;
1889; IMBIRUSSU - 230;;  7,868;  0,000;  4,721;  4,408;;;  4,408;
5591; IMPERATRIZ - 230;;  8,671; 12,813; 10,328;  9,929;;;  9,929;
5590; IMPERATRIZ - 500;;  9,433; 13,435; 11,034; 10,635;;; 10,635;
6734; INACIO-RN230;;  9,694; 18,145; 13,074; 12,676;;; 12,676;
10094; INDAIAL - 230;;  1,528;  0,000;  0,917;  4,408;;;  4,408;
1090; INOCENCIA - 230;;  9,492;  1,034;  6,109;  5,710;;;  5,710;
6561; INTEGRADORA - 230;;  8,629; 11,697;  9,856;  9,457;;;  9,457;
6560; INTEGRADORA - 500;;  9,449; 12,353; 10,611; 10,212;;; 10,212;
490; INTERNATIONAL 2 - 230;;  3,687;  0,000;  2,212;  4,408;;;  4,408;
489; INTERNATIONAL 1 - 230;;  3,687;  0,000;  2,212;  4,408;;;  4,408;
488; INTERNATIONAL - 345;;  3,668;  0,000;  2,201;  4,408;;;  4,408;
1530; IPATINGA I - 230;;  6,376;  3,332;  5,158;  4,760;;;  4,760;
1100; ITAIPU 50 - 500;;  4,257;  0,000;  2,554;  4,408;;;  4,408;
1107; ITAIPU 60 - 500;;  4,895;  0,000;  2,937;  4,408;;;  4,408;
4071; IRAPE - 230;; 12,620;  7,829; 10,704; 10,305;;; 10,305;
4065; IRAPE - 345;; 12,381;  7,287; 10,344;  9,945;;;  9,945;
10140; IRATI NORTE - 230;;  3,045;  0,000;  1,827;  4,408;;;  4,408;
6341; IRECE - 230;; 10,683; 13,863; 11,955; 11,556;;; 11,556;
1077; ILHA SOLTEIRA 2 - 230;;  9,233;  0,913;  5,905;  5,506;;;  5,506;
1076; ILHA SOLTEIRA 2 - 440;;  7,883;  0,049;  4,749;  4,408;;;  4,408;
538; ILHA SOLTEIRA - 440;;  7,848;  0,027;  4,719;  4,408;;;  4,408;
10212; ITA SC - 230;;  3,525;  0,000;  2,115;  4,408;;;  4,408;
995; ITA - 525;;  3,733;  0,000;  2,240;  4,408;;;  4,408;
5711; ITABAIANA - 230;;  6,675; 13,872;  9,554;  9,155;;;  9,155;
72; ITABERA - 765;;  4,636;  0,000;  2,782;  4,408;;;  4,408;
1534; ITABIRA 2 - 230;;  6,786;  3,521;  5,480;  5,081;;;  5,081;
9024; ITABIRA 4 - 230;;  6,542;  2,957;  5,108;  4,709;;;  4,709;
4076; ITABIRA 5 - 230;;  7,504;  4,097;  6,141;  5,742;;;  5,742;
4075; ITABIRA 5 - 500;;  8,348;  4,776;  6,919;  6,521;;;  6,521;
9017; ITABIRITO - 345;;  6,196;  1,836;  4,452;  4,408;;;  4,408;
9016; ITABIRITO - 500;;  7,194;  3,004;  5,518;  5,119;;;  5,119;
5787; ITABUNA - 230;;  3,951;  4,758;  4,274;  4,408;;;  4,408;
6441; ITACAIUNAS - 230;;  8,742; 12,282; 10,158;  9,759;;;  9,759;
6440; ITACAIUNAS - 500;;  9,440; 12,910; 10,828; 10,429;;; 10,429;
5912; ITAGIPA - 230;;  5,148;  5,205;  5,171;  4,772;;;  4,772;
9441; ITAGUACU - 230;;  9,588;  2,390;  6,709;  6,310;;;  6,310;
9440; ITAGUACU - 500;;  8,397;  1,748;  5,737;  5,338;;;  5,338;
10070; ITAJAI 2 - 230;;  2,491;  0,000;  1,495;  4,408;;;  4,408;
10069; ITAJAI 2 - 525;;  2,968;  0,000;  1,781;  4,408;;;  4,408;
991; ITAJAI - 230;;  2,190;  0,000;  1,314;  4,408;;;  4,408;
1503; ITAJU3-5-500;;  5,646;  0,000;  3,387;  4,408;;;  4,408;
2988; ITAPACI - 230;;  7,910;  5,315;  6,872;  6,473;;;  6,473;
5970; ITAPEBI SE - 230;;  4,641;  4,726;  4,675;  4,408;;;  4,408;
448; ITAPETI - 230;;  3,540;  0,000;  2,124;  4,408;;;  4,408;
449; ITAPETI - 345;;  3,754;  0,000;  2,252;  4,408;;;  4,408;
627; ITARARE 2 - 230;;  1,166;  0,000;  0,700;  4,408;;;  4,408;
6609; ITATIBA - 500;;  5,063;  0,000;  3,038;  4,408;;;  4,408;
1215; ITAUBA - 230;;  3,488;  0,000;  2,093;  4,408;;;  4,408;
5961; ITBNINHA - 230;;  4,769; 11,705;  7,543;  7,144;;;  7,144;
4521; ITIQUIRA - 230;;  9,272;  0,815;  5,889;  5,490;;;  5,490;
225; ITUMBIARA - 230;;  8,545;  2,485;  6,121;  5,722;;;  5,722;
217; ITUMBIARA - 345;;  7,976;  2,861;  5,930;  5,531;;;  5,531;
210; ITUMBIARA - 500;;  8,388;  2,642;  6,090;  5,691;;;  5,691;
138; ITUTINGA - 345;;  5,591;  0,872;  3,704;  4,408;;;  4,408;
999; IVAIPORA E - 525;;  4,542;  0,000;  2,725;  4,408;;;  4,408;
66; IVAIPORA - 525;;  4,590;  0,000;  2,754;  4,408;;;  4,408;
65; IVAIPORA - 765;;  4,857;  0,000;  2,914;  4,408;;;  4,408;
1088; IVINHEMA - 230;;  6,859;  0,000;  4,115;  4,408;;;  4,408;
6140; J. CAMARA III - 500;;  9,497; 17,540; 12,714; 12,315;;; 12,315;
331; JUIZ DE FORA - 345;;  5,324;  0,678;  3,465;  4,408;;;  4,408;
8511; J.TEIXEIRA - 230;;  6,144; 10,841;  8,023;  7,624;;;  7,624;
5346; JABOATAO D -230;;  6,498; 14,952;  9,880;  9,481;;;  9,481;
5822; JACARACANGA - 230;;  5,768; 10,982;  7,853;  7,454;;;  7,454;
144; JACAREPAGUA - 345;;  4,981;  0,028;  3,000;  4,408;;;  4,408;
5925; JAGUARUANA - 230;;  9,594; 17,890; 12,912; 12,514;;; 12,514;
5924; JAGUARUANA - 500;;  9,448; 17,337; 12,604; 12,205;;; 12,205;
6321; JAGUARARI-SE - 230;;  8,932; 15,291; 11,476; 11,077;;; 11,077;
326; JAGUARA - 345;;  7,187;  1,467;  4,899;  4,500;;;  4,500;
325; JAGUARA - 500;;  7,586;  2,475;  5,542;  5,143;;;  5,143;
827; JAGUARIAIVA - 230;;  1,885;  0,000;  1,131;  4,408;;;  4,408;
3389; JAIBA - 230;; 15,018;  9,239; 12,706; 12,307;;; 12,307;
4350; JANAUBA 3 - 500;; 11,521;  8,583; 10,346;  9,947;;;  9,947;
4311; JANAUBA 3 - 230;; 13,843;  8,689; 11,782; 11,383;;; 11,383;
8240; JANDAIA CE - 230;;  9,433; 17,841; 12,796; 12,397;;; 12,397;
586; JANDIRA - 440;;  3,781;  0,000;  2,269;  4,408;;;  4,408;
5721; JARDIM SE - 230;;  6,941; 13,840;  9,701;  9,302;;;  9,302;
5720; JARDIM - 500;;  7,749; 14,352; 10,390;  9,991;;;  9,991;
10087; JARAGUA DO SUL - 230;;  1,890;  0,000;  1,134;  4,408;;;  4,408;
6870; JARU - 230;;  8,220;  0,000;  4,932;  4,533;;;  4,533;
1084; JATAI - 230;;  9,301;  1,310;  6,105;  5,706;;;  5,706;
4862; JAURU - 230;;  9,252;  0,460;  5,735;  5,336;;;  5,336;
4700; JAURU - 500;;  8,978;  0,520;  5,595;  5,196;;;  5,196;
10256; J. BOTANICO 1 - 230;;  1,159;  0,000;  0,695;  4,408;;;  4,408;
10257; J. BOTANICO 2 - 230;;  0,841;  0,000;  0,505;  4,408;;;  4,408;
6141; J. CAMARA II - 230;;  9,485; 17,817; 12,818; 12,419;;; 12,419;
5128; J. CAMARA III - 230;;  9,531; 17,778; 12,830; 12,431;;; 12,431;
9013; JECEABA - 345;;  5,948;  1,525;  4,179;  4,408;;;  4,408;
7280; JEREMOABO - 500;;  8,344; 14,656; 10,869; 10,470;;; 10,470;
6840; JI PARANA - 230;;  8,393;  0,000;  5,036;  4,637;;;  4,637;
7051; UHE JIRAU - 500 (Back-to-back);; 14,478;  1,041;  9,103;  8,704;;;  8,704;
7061; UHE JIRAU - 500;; 15,646;  4,686; 11,262; 10,863;;; 10,863;
1006; JORGE LACERDA A - 230;;  2,684;  0,000;  1,610;  4,408;;;  4,408;
1010; JORGE LACERDA B - 230;;  2,780;  0,000;  1,668;  4,408;;;  4,408;
1011; JORGE LACERDA C - 230;;  2,780;  0,000;  1,668;  4,408;;;  4,408;
3035; J.NEIVA 2 - 345;;  6,662;  3,471;  5,386;  4,987;;;  4,987;
3034; J.NEIVA 2 - 500;;  7,583;  5,159;  6,613;  6,214;;;  6,214;
5331; JOAIRAM - 230;;  6,251; 14,728;  9,642;  9,243;;;  9,243;
1020; JOINV. NOR - 230;;  1,448;  0,000;  0,869;  4,408;;;  4,408;
1015; JOINVILLE - 230;;  1,368;  0,000;  0,821;  4,408;;;  4,408;
10056; JOINVILLE SUL - 230;;  2,064;  0,000;  1,238;  4,408;;;  4,408;
10055; JOINVILLE SUL - 525;;  3,193;  0,000;  1,916;  4,408;;;  4,408;
5836; JOAO PESSOA II - 500;;  8,627; 16,691; 11,852; 11,453;;; 11,453;
5837; JOAO PESSOA II - 230;;  6,707; 15,400; 10,184;  9,785;;;  9,785;
6311; JUAZEIRO II - 230;;  9,428; 15,457; 11,840; 11,441;;; 11,441;
6501; JUAZEIRO III - 230;;  9,461; 14,807; 11,599; 11,200;;; 11,200;
6500; JUAZEIRO III - 500;;  9,744; 14,520; 11,654; 11,256;;; 11,256;
4869; JUBA - 230;;  9,536;  0,604;  5,963;  5,564;;;  5,564;
4894; JUINA - 230;; 10,185;  0,918;  6,478;  6,079;;;  6,079;
539; JUPIA - 440;;  7,510;  0,000;  4,506;  4,408;;;  4,408;
618; JURUMIRIM - 230;;  2,909;  0,000;  1,745;  4,408;;;  4,408;
8250; JURUPARI-230;;  9,312; 12,678; 10,658; 10,259;;; 10,259;
8200; JURUPARI-500;;  9,295; 12,471; 10,565; 10,166;;; 10,166;
8321; JURUTI - 230;;  8,249; 11,953;  9,730;  9,331;;;  9,331;
4333; PRES. JUSCELINO - 345;;  8,363;  4,729;  6,910;  6,511;;;  6,511;
4332; PRES. JUSCELINO - 500;;  9,626;  6,148;  8,235;  7,836;;;  7,836;
9988; KLABIN - 230;;  2,535;  0,000;  1,521;  4,408;;;  4,408;
5050; LUIS GONZAGA - 500;;  8,810; 15,306; 11,408; 11,009;;; 11,009;
336; LAFAIETE - 345;;  5,565;  1,120;  3,787;  4,408;;;  4,408;
950; LAGES----230;;  2,582;  0,000;  1,549;  4,408;;;  4,408;
9506; LAGOS - 345;;  6,273;  1,328;  4,295;  4,408;;;  4,408;
9509; LAGOS - 500;;  6,027;  1,532;  4,229;  4,408;;;  4,408;
1218; LAJEADO 2 - 230;;  1,061;  0,000;  0,636;  4,408;;;  4,408;
7207; LAJEADO - 230;; 10,311; 12,359; 11,130; 10,731;;; 10,731;
7204; LAJEADO - 500;;  9,871; 12,208; 10,806; 10,407;;; 10,407;
1163; LAJEADO GRANDE - 230;;  3,060;  0,000;  1,836;  4,408;;;  4,408;
8270; LARANJAL - 230;;  9,332; 12,872; 10,748; 10,349;;; 10,349;
5037; LAGOA BARRO - 230;; 10,135; 15,283; 12,194; 11,795;;; 11,795;
6663; LAGOA DO CARRO - 230;;  7,252; 15,651; 10,612; 10,213;;; 10,213;
134; L.C.BARRETO - 345;;  6,978;  1,191;  4,663;  4,408;;;  4,408;
8700; LECHUGA - 230;;  6,414; 11,007;  8,251;  7,853;;;  7,853;
8500; LECHUGA - 500;;  7,612; 11,746;  9,266;  8,867;;;  8,867;
464; LESTE - 345;;  3,587;  0,000;  2,152;  4,408;;;  4,408;
5422; LIBRA - 230;;  9,090; 17,863; 12,599; 12,200;;; 12,200;
3022; LINHARES 2 - 230;;  6,447;  2,986;  5,063;  4,664;;;  4,664;
1230; LIVRAMENTO 2 - 230;;  3,267;  0,000;  1,960;  4,408;;;  4,408;
2080; LIVRAMENTO 3 - 230;;  3,430;  0,000;  2,058;  4,408;;;  4,408;
5071; LAGOA NOVA II - 230;;  9,869; 18,543; 13,338; 12,939;;; 12,939;
1028; LONDRIN E - 230;;  4,084;  0,000;  2,450;  4,408;;;  4,408;
889; LONDRC-PR230;;  3,689;  0,000;  2,214;  4,408;;;  4,408;
1027; LONDRINA - 525;;  4,975;  0,000;  2,985;  4,408;;;  4,408;
3384; LORENA SP - 230;;  4,810;  0,000;  2,886;  4,408;;;  4,408;
3383; LORENA SP - 500;;  5,356;  0,000;  3,214;  4,408;;;  4,408;
4573; L. DO RIO VERDE - 230;;  8,746;  0,292;  5,364;  4,965;;;  4,965;
3007; LUZIANIA - 500;;  9,324;  6,233;  8,088;  7,689;;;  7,689;
1325; L.VERMELHA - 230;;  2,798;  0,000;  1,679;  4,408;;;  4,408;
9783; LAJEADO 3 - 230;;  1,237;  0,000;  0,742;  4,408;;;  4,408;
6291; MORRO DO CHAPEU II - 230;; 10,211; 12,706; 11,209; 10,810;;; 10,810;
6290; MORRO DO CHAPEU II - 500;;  9,965; 12,220; 10,867; 10,468;;; 10,468;
495; M. FORNASARO - 345;;  3,516;  0,000;  2,110;  4,408;;;  4,408;
131; MASCARENHAS DE MORAES - 345;;  6,640;  0,874;  4,334;  4,408;;;  4,408;
416; MANOEL NOBREGA - 230;;  2,712;  0,000;  1,627;  4,408;;;  4,408;
438; REALEZA - 345;;  3,016;  0,000;  1,810;  4,408;;;  4,408;
530; M.RONDON SP - 440;;  7,416;  0,000;  4,450;  4,408;;;  4,408;
8145; MONTE VERDE - 500;;  9,544; 17,545; 12,744; 12,345;;; 12,345;
3966; MACAE MERCHAN - 345;;  6,615;  1,658;  4,632;  4,408;;;  4,408;
9970; MACAMBARA 3 - 230;;  3,145;  0,000;  1,887;  4,408;;;  4,408;
1225; MACAMBARA - 230;;  3,087;  0,000;  1,852;  4,408;;;  4,408;
8280; MACAPA - 230;;  9,027; 12,880; 10,568; 10,170;;; 10,170;
5312; MACEIO II - 230;;  5,552; 13,695;  8,809;  8,410;;;  8,410;
5311; MACEIO - 230;;  5,359; 13,556;  8,638;  8,239;;;  8,239;
1030; MACHADINHO - 525;;  3,615;  0,000;  2,169;  4,408;;;  4,408;
3110; M. AGUDO - 00;;  6,728;  0,428;  4,208;  4,408;;;  4,408;
7408; M.ALEGRE 2 - 345;;  7,871;  2,611;  5,767;  5,368;;;  5,368;
8521; MANAUS - 230;;  5,797; 10,561;  7,703;  7,304;;;  7,304;
4592; MANSO - 230;;  9,018;  0,466;  5,597;  5,198;;;  5,198;
6401; MARABA - 230;;  8,591; 12,382; 10,107;  9,708;;;  9,708;
6400; MARABA - 500;;  9,449; 13,073; 10,899; 10,500;;; 10,500;
5081; MARACANAU - 230;;  7,986; 16,231; 11,284; 10,885;;; 10,885;
44609; MARANGATU - 230;;  8,358; 15,490; 11,211; 10,812;;; 10,812;
1103; MARGEM PR - 500;;  4,257;  0,000;  2,554;  4,408;;;  4,408;
4598; MARIMBII-500;;  7,443;  0,644;  4,723;  4,408;;;  4,408;
213; MARIMBONDO - 345;;  7,468;  1,379;  5,032;  4,633;;;  4,633;
100; MARIMBONDO - 500;;  7,526;  0,768;  4,822;  4,423;;;  4,423;
868; MARINGA - 230;;  3,439;  0,000;  2,064;  4,408;;;  4,408;
6661; MARITUBA - 230;;  6,977; 11,214;  8,672;  8,273;;;  8,273;
6660; MARITUBA - 500;;  8,376; 12,205;  9,908;  9,509;;;  9,509;
9820; MARMELEIRO 2 - 525;;  3,353;  0,000;  2,012;  4,408;;;  4,408;
2654; MASCARENHAS - 230;;  6,880;  3,405;  5,490;  5,091;;;  5,091;
5852; MATATU - 230;;  4,913; 10,021;  6,956;  6,557;;;  6,557;
8531; MAUA 3 - 230;;  6,033; 10,792;  7,936;  7,537;;;  7,537;
981; MAUA - 230;;  3,090;  0,000;  1,854;  4,408;;;  4,408;
341; MONTES CLAROS - 345;; 11,559;  6,794;  9,653;  9,254;;;  9,254;
963; MONTE CLARO - 230;;  2,922;  0,000;  1,753;  4,408;;;  4,408;
10005; MEDIANEIRA - 230;;  2,180;  0,000;  1,308;  4,408;;;  4,408;
7279; MENDUBIM - 230;;  9,819; 18,170; 13,159; 12,760;;; 12,760;
345; MESQUITA - 230;;  6,778;  3,689;  5,543;  5,144;;;  5,144;
344; MESQUITA - 500;;  7,805;  4,452;  6,464;  6,065;;;  6,065;
5300; MESSIAS - 500;;  6,921; 14,633; 10,006;  9,607;;;  9,607;
5411; MILAGRES II - 230;;  9,279; 16,386; 12,122; 11,723;;; 11,723;
5408; MILAGRES 500;;  9,685; 16,116; 12,257; 11,858;;; 11,858;
7200; MIRACEMA - 500;;  9,827; 12,196; 10,775; 10,376;;; 10,376;
6710; MIRAMAR--230;;  6,588; 10,933;  8,326;  7,927;;;  7,927;
5541; MIRANDA - 230;;  7,886; 13,999; 10,331;  9,932;;;  9,932;
5540; MIRANDA II - 500;;  8,869; 14,564; 11,147; 10,748;;; 10,748;
572; MIRASSOL II - 440;;  6,538;  0,000;  3,923;  4,408;;;  4,408;
5191; MIRUEIRA - 230;;  5,839; 14,429;  9,275;  8,876;;;  8,876;
2078; MISSOES - 230;;  3,229;  0,000;  1,938;  4,408;;;  4,408;
5380; MILAGRE 2 - 500;;  9,831; 16,166; 12,365; 11,966;;; 11,966;
8392; MLGICO CE - 230;;  9,264; 16,576; 12,189; 11,790;;; 11,790;
565; M. MIRIM 3 - 440;;  4,692;  0,000;  2,815;  4,408;;;  4,408;
161; MOGI FCE - 230;;  3,375;  0,000;  2,025;  4,408;;;  4,408;
446; MOGI EP - 230;;  3,016;  0,000;  1,809;  4,408;;;  4,408;
129; MOGI - 345;;  3,705;  0,000;  2,223;  4,408;;;  4,408;
1520; MONLEVADE 2 - 230;;  5,382;  2,255;  4,131;  4,408;;;  4,408;
4331; MONLEVADE 4 - 230;;  5,926;  2,828;  4,687;  4,408;;;  4,408;
6565; ONCA PUMA - 230;;  6,537; 10,175;  7,992;  7,593;;;  7,593;
5441; MOSSORO II - 230;;  9,750; 18,552; 13,271; 12,872;;; 12,872;
6091; MOSSORO IV - 230;;  9,694; 18,145; 13,074; 12,676;;; 12,676;
5341; MRRII----230;;  7,103; 15,466; 10,448; 10,049;;; 10,049;
5301; MESSIAS - 230;;  5,691; 13,796;  8,933;  8,534;;;  8,534;
5302; MESSIAS 2 - 230;;  5,691; 13,795;  8,933;  8,534;;;  8,534;
5211; MUSSURE II - 230;;  6,179; 15,136;  9,762;  9,363;;;  9,363;
4353; MUTUM MG - 500;;  6,765;  3,147;  5,317;  4,919;;;  4,919;
5029; MOXOTO - 230;;  8,779; 16,192; 11,744; 11,345;;; 11,345;
1545; NOVA ERA II - 230;;  6,717;  3,492;  5,427;  5,028;;;  5,028;
9609; N.IGUACU - 345;;  5,184;  0,258;  3,213;  4,408;;;  4,408;
9608; N.IGUACU - 500;;  5,399;  0,265;  3,345;  4,408;;;  4,408;
4552; NOVA MUTUM - 230;;  9,445;  0,621;  5,915;  5,516;;;  5,516;
252; N.PECANH-230;;  5,245;  0,016;  3,153;  4,408;;;  4,408;
788; N.TOCA GO - 230;;  9,969;  7,459;  8,965;  8,566;;;  8,566;
5981; NARANDIBA - 230;;  4,900; 10,051;  6,960;  6,561;;;  6,561;
5241; NATAL II - 230;;  8,217; 16,966; 11,717; 11,318;;; 11,318;
5245; NATAL III - 230;;  8,329; 17,044; 11,815; 11,416;;; 11,416;
350; NEVES - 345;;  7,499;  3,433;  5,873;  5,474;;;  5,474;
349; NEVES - 500;;  7,656;  3,666;  6,060;  5,661;;;  5,661;
787; NIQUELANDIA - 230;;  9,969;  7,459;  8,965;  8,566;;;  8,566;
9015; NOVA LIMA 6 - 345;;  6,453;  2,256;  4,774;  4,408;;;  4,408;
6862; NMPARANA-230;;  9,548;  0,000;  5,729;  5,330;;;  5,330;
4542; NOBRES - 230;;  9,018;  0,466;  5,597;  5,198;;;  5,198;
6743; NOVA OLINDA - 500;;  9,956; 14,331; 11,706; 11,307;;; 11,307;
442; NORDESTE - 345;;  3,486;  0,000;  2,092;  4,408;;;  4,408;
5212; NORFIL - 230;;  6,010; 14,854;  9,548;  9,149;;;  9,149;
435; NORTE - 345;;  3,787;  0,000;  2,272;  4,408;;;  4,408;
9547; NOVA PETROPOLIS 2 - 230;;  2,304;  0,000;  1,382;  4,408;;;  4,408;
7407; NOVA PONTE - 345;;  8,532;  2,927;  6,290;  5,891;;;  5,891;
360; NOVA PONTE - 500;;  7,974;  2,825;  5,915;  5,516;;;  5,516;
9544; NOVA P.PRIMAVERA - 440;;  7,365;  0,000;  4,419;  4,408;;;  4,408;
545; NOVA P.PRIMAVERA - 230;;  6,945;  0,000;  4,167;  4,408;;;  4,408;
1228; NOVA PRATA 2 - 230;;  2,085;  0,000;  1,251;  4,408;;;  4,408;
980; N.S. RITA - 230;;  2,288;  0,000;  1,373;  4,408;;;  4,408;
979; N.S. RITA - 525;;  2,942;  0,000;  1,765;  4,408;;;  4,408;
5741; N.S.SOCORRO - 230;;  6,803; 13,755;  9,583;  9,184;;;  9,184;
414; OESTE - 440;;  4,153;  0,000;  2,492;  4,408;;;  4,408;
5740; OLINDINA - 500;;  8,007; 13,874; 10,354;  9,955;;;  9,955;
384; OURO PRETO 2 - 500;;  7,133;  2,917;  5,446;  5,047;;;  5,047;
385; OURO PRETO 2 - 345;;  6,453;  2,210;  4,756;  4,408;;;  4,408;
8311; ORIXIMINA - 230;;  8,442; 12,092;  9,902;  9,503;;;  9,503;
8300; ORIXIMINA - 500;;  8,624; 12,223; 10,063;  9,665;;;  9,665;
1231; OSORIO 2 - 230;;  2,092;  0,000;  1,255;  4,408;;;  4,408;
9901; OSORIO 3 - 230;;  2,359;  0,000;  1,415;  4,408;;;  4,408;
6071; OUROLANDIA II - 230;; 10,735; 13,546; 11,859; 11,460;;; 11,460;
6070; OUROLANDIA II - 500;; 10,479; 12,945; 11,465; 11,066;;; 11,066;
5001; PAULO AFONSO - 500;;  8,563; 15,166; 11,204; 10,805;;; 10,805;
6820; P.BUENO - 230;;  8,547;  0,000;  5,128;  4,729;;;  4,729;
120; P.CALDAS - 345;;  5,157;  0,000;  3,094;  4,408;;;  4,408;
102; P.CALDAS - 500;;  6,214;  0,088;  3,764;  4,408;;;  4,408;
216; P.COLOMBIA - 345;;  7,521;  1,775;  5,223;  4,824;;;  4,824;
5581; P.DUTRA - 230;;  7,443; 13,641;  9,922;  9,524;;;  9,524;
5580; P.DUTRA - 500;;  9,099; 14,615; 11,305; 10,906;;; 10,906;
5181; PAU FERRO - 230;;  7,226; 15,555; 10,558; 10,159;;; 10,159;
5180; P. FERRO - 500;;  8,132; 16,114; 11,325; 10,926;;; 10,926;
3344; P.FIALHO - 345;;  6,070;  2,072;  4,471;  4,408;;;  4,408;
8541; P.FIGUEIREDO - 230;;  6,729; 11,377;  8,588;  8,189;;;  8,189;
5601; P.FRANCO - 230;;  7,420; 11,419;  9,019;  8,620;;;  8,620;
6900; PORTO VELHO - 230;;  9,859;  0,000;  5,915;  5,516;;;  5,516;
5853; PACABA CE - 230;;  8,913; 16,547; 11,966; 11,567;;; 11,567;
5841; PACABA CE - 500;;  9,173; 16,735; 12,198; 11,799;;; 11,799;
5003; PAULO AFONSO 1 - 230;;  8,779; 16,192; 11,744; 11,345;;; 11,345;
5004; PAULO AFONSO 2 - 230;;  8,452; 15,635; 11,325; 10,926;;; 10,926;
9262; PORTO ALEGRE 12 - 230;;  0,937;  0,000;  0,562;  4,408;;;  4,408;
9961; PORTO ALEGRE 1 - 230;;  1,083;  0,000;  0,650;  4,408;;;  4,408;
1268; PORTO ALEGRE 10 - 230;;  0,802;  0,000;  0,481;  4,408;;;  4,408;
1270; PORTO ALEGRE 13 - 230;;  0,707;  0,000;  0,424;  4,408;;;  4,408;
1259; PORTO ALEGRE 4 - 230;;  1,046;  0,000;  0,628;  4,408;;;  4,408;
1263; PORTO ALEGRE 6 - 230;;  1,111;  0,000;  0,667;  4,408;;;  4,408;
1264; PORTO ALEGRE 8 - 230;;  1,386;  0,000;  0,832;  4,408;;;  4,408;
1267; PORTO ALEGRE 9 - 230;;  1,597;  0,000;  0,958;  4,408;;;  4,408;
1032; PALH-F-SC230;;  1,913;  0,000;  1,148;  4,408;;;  4,408;
1034; PALHOCA--230;;  1,547;  0,000;  0,928;  4,408;;;  4,408;
7221; PALMAS - 230;;  9,894; 11,792; 10,653; 10,254;;; 10,254;
2990; PALMEIRAS - 230;;  9,210;  1,566;  6,152;  5,753;;;  5,753;
997; PAMPAS RS - 525;;  2,840;  0,000;  1,704;  4,408;;;  4,408;
3008; PARACATU 4 - 500;;  9,306;  5,465;  7,770;  7,371;;;  7,371;
5254; PARAISO RN - 230;;  9,023; 17,607; 12,456; 12,058;;; 12,058;
2978; PARANAIBA - 230;;  8,244;  2,263;  5,852;  5,453;;;  5,453;
10399; PARANA MS - 230;;  9,492;  1,034;  6,109;  5,710;;;  5,710;
667; N.PARA PTA - 230;;  5,216;  0,000;  3,129;  4,408;;;  4,408;
4448; PARECIS--230;; 10,681;  1,217;  6,895;  6,496;;;  6,496;
8331; PARINTINS - 230;;  8,127; 11,864;  9,622;  9,223;;;  9,223;
4494; PARANAITA - 500;; 10,865;  2,065;  7,345;  6,946;;;  6,946;
4565; PARTINGA - 500;;  9,647;  1,434;  6,362;  5,963;;;  5,963;
4599; PARTINGA - 230;;  7,550;  1,493;  5,127;  4,728;;;  4,728;
852; P.BRANCO - 230;;  3,531;  0,000;  2,118;  4,408;;;  4,408;
5371; PECEM II - 230;;  9,376; 16,962; 12,410; 12,011;;; 12,011;
5370; PECEM II - 500;;  9,171; 16,596; 12,141; 11,742;;; 11,742;
7113; PEIXE 2 - 500;;  9,930;  9,632;  9,811;  9,412;;;  9,412;
7112; PEIXE - 500;;  9,930;  9,633;  9,811;  9,413;;;  9,413;
1236; PELOTA-3-230;;  2,540;  0,000;  1,524;  4,408;;;  4,408;
5291; PENEDO - 230;;  4,553; 12,267;  7,639;  7,240;;;  7,240;
5531; PERITORO-230;;  6,276; 12,812;  8,890;  8,492;;;  8,492;
9350; PEROXIDOS - 230;;  2,300;  0,000;  1,380;  4,408;;;  4,408;
1592; PORTO ESTRELA - 230;;  6,766;  3,588;  5,495;  5,096;;;  5,096;
2459; POSTO FISCAL - 230;;  0,105;  0,000;  0,063;  4,408;;;  4,408;
1041; PASSO FUNDO - 230;;  3,399;  0,000;  2,039;  4,408;;;  4,408;
10009; PONTA GROSSA PR - 230;;  3,338;  0,000;  2,003;  4,408;;;  4,408;
10008; PONTA GROSSA PR - 525;;  3,945;  0,000;  2,367;  4,408;;;  4,408;
829; P.GROSSA N - 230;;  1,868;  0,000;  1,121;  4,408;;;  4,408;
831; P. GROSSA PR - 230;;  1,629;  0,000;  0,977;  4,408;;;  4,408;
5641; PICI - 230;;  7,757; 15,951; 11,034; 10,635;;; 10,635;
5671; PICOS - 230;;  9,883; 16,634; 12,583; 12,185;;; 12,185;
819; PILARZINHO - 230;;  2,046;  0,000;  1,228;  4,408;;;  4,408;
367; PIMENTA - 345;;  6,378;  1,272;  4,336;  4,408;;;  4,408;
6225; PINDAI II - 230;; 11,101;  9,780; 10,573; 10,174;;; 10,174;
9840; PINHALZINHO 2 - 230;;  3,336;  0,000;  2,001;  4,408;;;  4,408;
573; PIRACICABA - 440;;  5,198;  0,000;  3,119;  4,408;;;  4,408;
5832; PIRAJA - 230;;  5,887; 10,941;  7,908;  7,509;;;  7,509;
641; PIRAJU - 230;;  3,496;  0,000;  2,098;  4,408;;;  4,408;
4051; PIRAPORA II - 345;; 10,827;  6,420;  9,064;  8,665;;;  8,665;
4049; PIRAPORA 2 - 500;; 10,299;  6,831;  8,912;  8,513;;;  8,513;
5131; PIRAPAMA II - 230;;  6,649; 15,084; 10,023;  9,624;;;  9,624;
487; PIRATININGA 2 - 345;;  3,557;  0,000;  2,134;  4,408;;;  4,408;
484; PIRATININGA - 230;;  3,703;  0,000;  2,222;  4,408;;;  4,408;
3723; PIRINEUS - 230;;  7,247;  2,427;  5,319;  4,920;;;  4,920;
3518; PIRINEUS - 345;;  8,103;  4,179;  6,534;  6,135;;;  6,135;
5491; PIRIPIRI-230;;  8,216; 15,436; 11,104; 10,705;;; 10,705;
421; PIRITUBA - 230;;  2,405;  0,000;  1,443;  4,408;;;  4,408;
7184; PITOMBEIRA - 230;;  9,433; 17,841; 12,796; 12,397;;; 12,397;
5842; PITUACU - 230;;  5,285; 10,330;  7,303;  6,904;;;  6,904;
790; PLANALTO-230;;  8,144;  1,784;  5,600;  5,201;;;  5,201;
1239; P.MEDICI - 230;;  3,591;  0,000;  2,155;  4,408;;;  4,408;
5734; PNBIII PI - 230;;  9,080; 15,819; 11,776; 11,377;;; 11,377;
5679; PNBIII-PI500;;  8,931; 15,470; 11,547; 11,148;;; 11,148;
5292; POCIII-BA230;;  6,482;  5,641;  6,146;  5,747;;;  5,747;
5861; POCOES - 230;;  6,366;  5,638;  6,075;  5,676;;;  5,676;
5860; POCOES II - 500;;  7,694;  6,260;  7,120;  6,722;;;  6,722;
5761; POLO - 230;;  5,583; 10,896;  7,709;  7,310;;;  7,310;
9865; PONTAL - 230;;  1,329;  0,000;  0,798;  4,408;;;  4,408;
9819; POVO NOVO - 230;;  2,875;  0,000;  1,725;  4,408;;;  4,408;
9818; POVO NOVO - 525;;  3,102;  0,000;  1,861;  4,408;;;  4,408;
4351; PPARA2 MG - 500;;  7,224;  4,757;  6,237;  5,838;;;  5,838;
1204; P.PETROQUIMIC - 230;;  2,019;  0,000;  1,211;  4,408;;;  4,408;
544; P. PRIMAVERA - 440;;  7,604;  0,000;  4,562;  4,408;;;  4,408;
1243; PASSO REAL - 230;;  2,895;  0,000;  1,737;  4,408;;;  4,408;
10003; PARANAVAI NORTE - 230;;  3,792;  0,000;  2,275;  4,408;;;  4,408;
5325; QUEIMADA NOVA II - 500;; 10,361; 14,792; 12,134; 11,735;;; 11,735;
1246; QUINTA---230;;  2,756;  0,000;  1,653;  4,408;;;  4,408;
9450; QUIRINOPOLIS - 230;; 10,166;  2,699;  7,179;  6,780;;;  6,780;
5428; QUIXADA--500;;  9,450; 16,839; 12,405; 12,007;;; 12,007;
5337; QUIXERE - 230;;  9,673; 18,445; 13,182; 12,783;;; 12,783;
6950; R.BRANCO - 230;;  8,859;  0,000;  5,316;  4,917;;;  4,917;
8171; RIO DAS EGUAS - 230;; 10,678;  9,126; 10,057;  9,658;;;  9,658;
6444; RIO DAS EGUAS - 500;; 10,938;  9,314; 10,288;  9,889;;;  9,889;
8172; RIO FORMOSO II -230;; 10,588;  9,060;  9,977;  9,578;;;  9,578;
5111; RIO LARGO II - 230;;  4,275; 12,633;  7,618;  7,219;;;  7,219;
3032; RIO NOVO SUL - 345;;  6,493;  2,576;  4,926;  4,527;;;  4,527;
3011; RIBPRETO-500;;  6,440;  0,364;  4,010;  4,408;;;  4,408;
231; R.VERDE - 230;;  8,765;  1,577;  5,890;  5,491;;;  5,491;
466; RAM REBERT F - 345;;  3,519;  0,000;  2,112;  4,408;;;  4,408;
1087; RIO BRILHANTE - 230;;  7,293;  0,000;  4,376;  4,408;;;  4,408;
3501; RIO CLARO 2 - 230;;  8,866;  0,990;  5,715;  5,316;;;  5,316;
9890; REALEZA - 230;;  3,216;  0,000;  1,929;  4,408;;;  4,408;
5140; RECIFE II - 500;;  7,402; 15,363; 10,586; 10,187;;; 10,187;
9399; REPAR - 230;;  2,141;  0,000;  1,285;  4,408;;;  4,408;
413; REPLAN - 440;;  4,567;  0,000;  2,740;  4,408;;;  4,408;
87; RESENDE - 500;;  5,489;  0,131;  3,346;  4,408;;;  4,408;
9302; RESTINGA-230;;  0,624;  0,000;  0,375;  4,408;;;  4,408;
5430; RIB.GONCALVES - 230;;  9,826; 13,820; 11,424; 11,025;;; 11,025;
5436; RIB.GONCALVES - 500;;  9,859; 13,606; 11,358; 10,959;;; 10,959;
6146; RIACHAO II - 230;;  8,599; 17,227; 12,051; 11,652;;; 11,652;
4518; RIBEIRAO-230;;  8,835;  0,833;  5,634;  5,235;;;  5,235;
4517; RIBEIRAO-500;;  9,022;  1,117;  5,860;  5,461;;;  5,461;
5281; RIBEIRAO 230;;  5,795; 14,330;  9,209;  8,810;;;  8,810;
563; RIBEIRAO PRETO - 440;;  6,070;  0,000;  3,642;  4,408;;;  4,408;
5958; RIO ALTO PB - 230;;  8,482; 16,462; 11,674; 11,275;;; 11,275;
6316; RIO GRANDE - 230;;  9,728; 10,766; 10,143;  9,744;;;  9,744;
949; RIO DO SUL - 230;;  1,672;  0,000;  1,003;  4,408;;;  4,408;
3061; RIO NOVO SUL - 500;;  6,567;  2,694;  5,018;  4,619;;;  4,619;
4522; RONDONOPOLIS - 230;;  9,272;  0,815;  5,889;  5,490;;;  5,490;
423; ROSANA SP - 230;;  6,849;  0,000;  4,109;  4,408;;;  4,408;
6541; RUROPOLIS - 230;;  0,000;  5,860;  2,344;  4,408;;;  4,408;
5431; RUSSAS II - 230;;  9,433; 17,841; 12,796; 12,397;;; 12,397;
7079; R. VERDE GO - 230;;  8,500;  1,116;  5,546;  5,147;;;  5,147;
4531; R.VERDE NORTE - 500;;  8,422;  1,029;  5,464;  5,065;;;  5,065;
9992; RATONES - 230;;  1,744;  0,000;  1,047;  4,408;;;  4,408;
594; SANTO ANGELO - 345;;  3,835;  0,000;  2,301;  4,408;;;  4,408;
593; SANTO ANGELO - 44;;  4,169;  0,000;  2,502;  4,408;;;  4,408;
461; SANTA CABECA - 230;;  4,665;  0,000;  2,799;  4,408;;;  4,408;
5571; SAO JOAO DO PIAUI - 230;; 10,135; 15,283; 12,194; 11,795;;; 11,795;
5570; SAO JOAO DO PIAUI - 500;;  9,956; 14,331; 11,706; 11,307;;; 11,307;
108; SAO JOSE - 500;;  5,290;  0,215;  3,260;  4,408;;;  4,408;
454; SAO JOSE - 230;;  3,271;  0,000;  1,962;  4,408;;;  4,408;
230; SAO SALVADOR - 230;; 10,430;  7,917;  9,425;  9,026;;;  9,026;
235; SERRA DA MESA - 500;;  9,891;  8,102;  9,175;  8,776;;;  8,776;
7064; UHE SANTO ANTONIO - 500;; 16,583;  5,192; 12,026; 11,627;;; 11,627;
5891; SA. JESUS - 230;;  6,180;  7,595;  6,746;  6,347;;;  6,347;
5645; S.ANTON LOPES - 500;;  9,153; 14,811; 11,416; 11,017;;; 11,017;
1497; SABARA 3 - 230;;  6,981;  3,645;  5,647;  5,248;;;  5,248;
612; SALTO GRANDE - 230;;  3,884;  0,000;  2,331;  4,408;;;  4,408;
9460; SALTO GO - 230;;  9,852;  2,532;  6,924;  6,525;;;  6,525;
527; SALTO - 440;;  4,450;  0,000;  2,670;  4,408;;;  4,408;
234; SAMAMBAIA - 345;;  8,590;  4,989;  7,149;  6,750;;;  6,750;
233; SAMAMBAIA - 500;;  9,185;  5,974;  7,901;  7,502;;;  7,502;
6890; SAMUEL - 230;;  9,600;  0,000;  5,760;  5,361;;;  5,361;
1250; SANTO ANGELO 2 - 230;;  3,029;  0,000;  1,817;  4,408;;;  4,408;
1046; SAGESUL - 230;;  3,260;  0,000;  1,956;  4,408;;;  4,408;
1045; SANTO ANGELO - 525;;  3,632;  0,000;  2,179;  4,408;;;  4,408;
6562; SANTANA PA - 230;;  4,356;  5,718;  4,901;  4,502;;;  4,502;
5732; SANTANA II AL - 230;;  9,755; 14,570; 11,681; 11,282;;; 11,282;
6368; SAPEACU - 230;;  7,151;  8,654;  7,752;  7,353;;;  7,353;
6369; SAPEACU - 500;;  8,039;  9,033;  8,437;  8,038;;;  8,038;
872; SARANDI 2 - 230;;  4,199;  0,000;  2,519;  4,408;;;  4,408;
10000; SARANDI - 525;;  4,932;  0,000;  2,959;  4,408;;;  4,408;
4338; SARZEDO--345;;  6,986;  2,792;  5,308;  4,910;;;  4,910;
567; SANTA BARBARA - 440;;  4,954;  0,000;  2,972;  4,408;;;  4,408;
5481; SOBRAL II - 230;;  8,428; 15,849; 11,397; 10,998;;; 10,998;
6331; SENHOR DO BONFIM II - 230;;  8,907; 15,482; 11,537; 11,138;;; 11,138;
1254; SAO BORJA - 230;;  2,973;  0,000;  1,784;  4,408;;;  4,408;
5488; SOBRAL III - 230;;  8,853; 16,104; 11,754; 11,355;;; 11,355;
897; SALTO CAXIAS - 525;;  5,062;  0,000;  3,037;  4,408;;;  4,408;
5731; SCHINCARIOL BA - 230;;  5,320; 11,683;  7,866;  7,467;;;  7,467;
9780; SCHARLAU 2 - 230;;  1,784;  0,000;  1,071;  4,408;;;  4,408;
5528; SCHINCARIOLMA - 230;;  5,733; 12,532;  8,452;  8,053;;;  8,053;
5162; SCHINCARIOL PE - 230;;  6,255; 14,731;  9,645;  9,246;;;  9,246;
1256; SANTA CRUZ 1 - 230;;  2,016;  0,000;  1,210;  4,408;;;  4,408;
4098; SANT.DUMONT 2 - 345;;  5,372;  0,716;  3,509;  4,408;;;  4,408;
856; SALTO SEGREDO - 525;;  4,415;  0,000;  2,649;  4,408;;;  4,408;
378; SAO GONCALO - 500;;  7,289;  2,943;  5,550;  5,152;;;  5,152;
391; SAO GOTARDO - 345;;  9,569;  4,979;  7,733;  7,334;;;  7,334;
390; SAO GOTARDO - 500;;  7,760;  3,075;  5,886;  5,487;;;  5,487;
1057; SIDEROPOLIS - 230;;  2,334;  0,000;  1,400;  4,408;;;  4,408;
1056; SIDEROPOLIS 2 - 230;;  2,491;  0,000;  1,494;  4,408;;;  4,408;
1055; SIDEROPOLIS 2 - 525;;  3,061;  0,000;  1,836;  4,408;;;  4,408;
1085; SIDROLANDIA - 230;;  7,405;  0,000;  4,443;  4,408;;;  4,408;
7536; SILVANIA - 500;;  8,019;  0,379;  4,963;  4,564;;;  4,564;
8400; SILVES - 500;;  7,998; 11,984;  9,592;  9,193;;;  9,193;
44705; SIMPLICE - 230;;  9,839; 18,319; 13,231; 12,832;;; 12,832;
4479; SINOP - 500;; 10,331;  1,781;  6,911;  6,512;;;  6,512;
4582; SINOP MT - 230;;  9,324;  0,937;  5,970;  5,571;;;  5,571;
4720; SINOP MT - 500;; 10,086;  1,633;  6,705;  6,306;;;  6,306;
1475; S.LAGOA 4 - 345;;  7,882;  3,888;  6,284;  5,885;;;  5,885;
5561; SAO LUIS I - 230;;  7,724; 13,907; 10,197;  9,798;;;  9,798;
5551; SAO LUIS II - 230;;  7,891; 14,028; 10,346;  9,947;;;  9,947;
5550; SAO LUIS 2 MA - 500;;  8,670; 14,577; 11,033; 10,634;;; 10,634;
5691; SAO LUIS III - 230;;  7,620; 13,832; 10,105;  9,706;;;  9,706;
5689; SAO LUIS IV - 230;;  8,124; 14,221; 10,563; 10,164;;; 10,164;
5688; SAO LUIS 4 MA - 500;;  8,655; 14,567; 11,020; 10,621;;; 10,621;
5926; SANTA LUZIA II - 500;;  9,303; 16,747; 12,280; 11,881;;; 11,881;
4491; S.MANOEL - 500;; 10,865;  2,065;  7,345;  6,946;;;  6,946;
1278; SANTA MARIA 3 - 230;;  3,059;  0,000;  1,835;  4,408;;;  4,408;
1281; SANTA MARTA - 230;;  1,517;  0,000;  0,910;  4,408;;;  4,408;
834; S.MATEUS SUL - 230;;  2,400;  0,000;  1,440;  4,408;;;  4,408;
3029; SAO MATEUS 2 - 230;;  6,107;  2,653;  4,725;  4,408;;;  4,408;
299; S.MESA 2 - 500;;  9,947;  8,236;  9,263;  8,864;;;  8,864;
2477; SANTA MONICA - 230;;  1,311;  0,000;  0,787;  4,408;;;  4,408;
5480; SOBRALIII500;;  9,021; 16,050; 11,832; 11,433;;; 11,433;
6301; SOBRADINHO - 230;;  9,913; 15,527; 12,158; 11,760;;; 11,760;
6300; SOBRADINHO - 500;;  9,801; 14,826; 11,811; 11,412;;; 11,412;
8714; SOL DO SERTAO - 500;; 11,066; 11,351; 11,180; 10,781;;; 10,781;
9102; SOLVAY - 440;;  3,981;  0,000;  2,389;  4,408;;;  4,408;
7736; SORRISO 2 - 230;;  9,224;  0,802;  5,855;  5,456;;;  5,456;
4562; SORRISO - 230;;  9,184;  0,748;  5,810;  5,411;;;  5,411;
1047; SALTO OSORIO - 230;;  4,134;  0,000;  2,480;  4,408;;;  4,408;
6754; SERRA PELADA - 500;;  9,569; 12,484; 10,735; 10,336;;; 10,336;
9537; SANTAQUITERIA - 230;;  1,597;  0,000;  0,958;  4,408;;;  4,408;
5271; SANTA RITA 2 - 230;;  6,341; 15,031;  9,817;  9,418;;;  9,418;
1283; SANTA ROSA - 230;;  2,916;  0,000;  1,750;  4,408;;;  4,408;
1060; SALTO SANTIAGO - 525;;  4,465;  0,000;  2,679;  4,408;;;  4,408;
370; SAO SIMAO - 500;;  8,302;  1,697;  5,660;  5,261;;;  5,261;
7050; UHE SANTO ANTONIO - 500 (Back-to-back);; 14,478;  1,041;  9,103;  8,704;;;  8,704;
6491; SANTA MARIA - 230;;  5,645; 10,269;  7,495;  7,096;;;  7,096;
5361; SUAPE II - 230;;  6,845; 15,226; 10,197;  9,798;;;  9,798;
5360; SUAPE II - 500;;  7,392; 15,308; 10,558; 10,159;;; 10,159;
5362; SUAPE III - 230;;  6,783; 15,239; 10,165;  9,766;;;  9,766;
474; SUL - 345;;  2,510;  0,000;  1,506;  4,408;;;  4,408;
570; SUMARE - 440;;  4,774;  0,000;  2,865;  4,408;;;  4,408;
7923; SURUBIM - 500;;  9,040; 15,536; 11,638; 11,239;;; 11,239;
8403; STA RITA 3 - 500;;  7,970; 11,967;  9,569;  9,170;;;  9,170;
8404; STA RITA 4 - 500;;  7,970; 11,967;  9,569;  9,170;;;  9,170;
8401; STA RITA 1 - 500;;  8,047; 12,071;  9,657;  9,258;;;  9,258;
8402; STA RITA 2 - 500;;  8,047; 12,071;  9,657;  9,258;;;  9,258;
1286; S.VICENTE - 230;;  2,653;  0,000;  1,592;  4,408;;;  4,408;
9822; S V PALMAR 2 - 525;;  3,428;  0,000;  2,057;  4,408;;;  4,408;
9605; TERMINAL RIO - 500;;  5,534;  0,485;  3,514;  4,408;;;  4,408;
5121; TACAIMBO - 230;;  7,046; 15,507; 10,430; 10,031;;; 10,031;
5378; TACARATU - 230;;  8,978; 16,904; 12,148; 11,749;;; 11,749;
6551; TAPAJOS - 230;;  0,527;  6,602;  2,957;  4,408;;;  4,408;
1291; TAPERA - 230;;  0,929;  0,000;  0,558;  4,408;;;  4,408;
373; TAQUARIL - 230;;  6,735;  3,123;  5,290;  4,891;;;  4,891;
372; TAQUARIL - 345;;  6,689;  2,506;  5,016;  4,617;;;  4,617;
1249; TAQUARA - 230;;  2,035;  0,000;  1,221;  4,408;;;  4,408;
547; TAQUARACU - 440;;  7,021;  0,000;  4,213;  4,408;;;  4,408;
5611; TAUA - 230;;  8,794; 16,222; 11,765; 11,366;;; 11,366;
600; TAUBATE - 230;;  4,373;  0,000;  2,624;  4,408;;;  4,408;
599; TAUBATE - 440;;  4,693;  0,000;  2,816;  4,408;;;  4,408;
598; TAUBATE - 500;;  5,251;  0,000;  3,151;  4,408;;;  4,408;
6062; TABOCAS DO BREJO VELHO - 230;; 11,491; 12,414; 11,860; 11,461;;; 11,461;
4493; TELPIRES - 500;; 10,865;  2,065;  7,345;  6,946;;;  6,946;
5502; TERESINA II - 230;;  7,464; 14,411; 10,243;  9,844;;;  9,844;
5500; TERESINA II - 500;;  8,924; 15,245; 11,452; 11,053;;; 11,053;
5501; TERESINA - 230;;  6,686; 13,743;  9,509;  9,110;;;  9,110;
5991; T. FREITA II - 230;;  6,512;  4,378;  5,658;  5,259;;;  5,259;
5917; TIANGD CE - 230;;  8,688; 15,596; 11,451; 11,052;;; 11,052;
5176; TIANGD CE - 500;;  8,941; 15,633; 11,618; 11,219;;; 11,219;
9030; TIMOTEO - 230;;  5,307;  2,589;  4,220;  4,408;;;  4,408;
4072; TIMOTEO 2 - 230;;  5,984;  3,079;  4,822;  4,423;;;  4,423;
381; TRES MARIAS - 230;; 10,874;  5,827;  8,855;  8,457;;;  8,457;
380; TRES MARIAS - 345;; 10,351;  5,681;  8,483;  8,084;;;  8,084;
5871; TOMBA - 230;;  5,849;  9,137;  7,164;  6,765;;;  6,765;
6535; TOME ACU - 230;;  6,360; 10,804;  8,138;  7,739;;;  7,739;
9693; TORRES 2 - 230;;  1,436;  0,000;  0,861;  4,408;;;  4,408;
6101; TOUROS - 230;;  9,316; 18,016; 12,796; 12,397;;; 12,397;
9106; TOYOTA - 230;;  2,521;  0,000;  1,512;  4,408;;;  4,408;
82; TIJUCO PRETO 2 - 345;;  3,849;  0,000;  2,310;  4,408;;;  4,408;
78; TIJUCO PRETO - 345;;  3,816;  0,000;  2,289;  4,408;;;  4,408;
77; TIJUCO PRETO - 500;;  4,770;  0,000;  2,862;  4,408;;;  4,408;
76; TIJUCO PRETO - 765;;  4,386;  0,000;  2,632;  4,408;;;  4,408;
6531; TRANSAMAZONIC - 230;;  2,824;  8,226;  4,985;  4,586;;;  4,586;
425; TR.CENTRO 1 - 230;;  2,289;  0,000;  1,374;  4,408;;;  4,408;
426; TR.CENTRO 2 - 230;;  2,289;  0,000;  1,374;  4,408;;;  4,408;
4571; TRINDADE - 230;;  7,473;  0,929;  4,856;  4,457;;;  4,457;
4570; TRINDADE - 500;;  8,019;  0,379;  4,963;  4,564;;;  4,564;
5321; TERESINA III - 230;;  7,418; 14,531; 10,263;  9,865;;;  9,865;
1063; TUBARAO SUL - 230;;  2,335;  0,000;  1,401;  4,408;;;  4,408;
6416; TUCURUI - 230;;  8,899; 12,645; 10,397;  9,998;;;  9,998;
6430; TUCURUI 2 - 500;;  9,568; 12,996; 10,939; 10,540;;; 10,540;
6410; TUCURUI - 500;;  9,618; 13,182; 11,044; 10,645;;; 10,645;
820; UBERABA - 230;;  1,634;  0,000;  0,980;  4,408;;;  4,408;
821; UMBARA - 230;;  2,300;  0,000;  1,380;  4,408;;;  4,408;
9725; UMUARAMA SUL - 230;;  3,699;  0,000;  2,219;  4,408;;;  4,408;
1296; URUGUAINA 5 - 230;;  2,918;  0,000;  1,751;  4,408;;;  4,408;
1294; URUGUAIANA - 230;;  2,926;  0,000;  1,755;  4,408;;;  4,408;
6481; UTINGA - 230;;  6,763; 11,059;  8,481;  8,082;;;  8,082;
10134; U. VITORIA NORTE - 230;;  2,743;  0,000;  1,646;  4,408;;;  4,408;
6461; VILA DO CONDE - 230;;  7,462; 11,588;  9,112;  8,714;;;  8,714;
6460; VILA DO CONDE - 500;;  8,474; 12,280;  9,996;  9,597;;;  9,597;
1781; VENDA PEDRAS - 345;;  5,291;  0,474;  3,364;  4,408;;;  4,408;
394; VALADARES - 230;;  6,828;  3,868;  5,644;  5,245;;;  5,245;
4360; VARGINHA 4 - 345;;  5,624;  0,695;  3,652;  4,408;;;  4,408;
6479; V. CONDE 4 - 230;;  7,464; 11,589;  9,114;  8,715;;;  8,715;
1299; V.AIRES - 230;;  0,405;  0,000;  0,243;  4,408;;;  4,408;
2910; VERONA - 230;;  6,034;  2,583;  4,653;  4,408;;;  4,408;
4028; VESPASIANO 2 - 500;;  7,660;  3,744;  6,093;  5,694;;;  5,694;
396; VOLTA GRANDE - 345;;  7,416;  1,627;  5,100;  4,701;;;  4,701;
4711; V. GRANDE MT - 230;;  8,802;  0,360;  5,425;  5,026;;;  5,026;
9263; VIAMAO 3 - 230;;  1,329;  0,000;  0,798;  4,408;;;  4,408;
90; VIANA - 345;;  6,371;  2,708;  4,906;  4,507;;;  4,507;
3019; VIANA 2 - 345;;  6,476;  2,904;  5,048;  4,649;;;  4,649;
3021; VIANA 2 - 500;;  6,647;  3,099;  5,228;  4,829;;;  4,829;
1074; VIDEIRA - 230;;  2,864;  0,000;  1,718;  4,408;;;  4,408;
6800; VILHENA - 230;;  8,724;  0,000;  5,234;  4,835;;;  4,835;
149; VITORIA - 345;;  6,263;  2,558;  4,781;  4,408;;;  4,408;
398; VARZEA PALMA 1 - 345;; 11,014;  6,269;  9,116;  8,717;;;  8,717;
9920; VILA MARIA – 230;;  1,806;  0,000;  1,084;  4,408;;;  4,408;
9836; VINHEDOS - 230;;  2,578;  0,000;  1,547;  4,408;;;  4,408;
1069; XANXERE - 230;;  3,582;  0,000;  2,149;  4,408;;;  4,408;
766; XAVANTES - 230;;  7,080;  0,944;  4,625;  4,408;;;  4,408;
491; XAVANTES - 345;;  3,551;  0,000;  2,131;  4,408;;;  4,408;
5060; XINGO - 500;;  8,182; 15,025; 10,919; 10,520;;; 10,520;
8106; XINGU - 230;;  8,177; 11,771;  9,614;  9,215;;;  9,215;
8100; XINGU - 500;;  9,792; 12,614; 10,921; 10,522;;; 10,522;
6571; XINGUARA 2 - 230;;  5,629;  8,437;  6,752;  6,354;;;  6,354;
9601; ZONA OESTE - 500;;  5,385;  0,179;  3,303;  4,408;;;  4,408;
6262; ZEBU - 230;;  8,569; 16,156; 11,604; 11,205;;; 11,205;
