BARRA;NOME;TUST-RB P;TUST-RB FP;TUST-FR P;TUST-FR FP  
2338; DOIS CORREGOS - 138;    8,846;    8,932;;
543; TRES IRMAOS - 138;    7,587;    7,481;;
542; TRES IRMAOS - 440;    7,494;    7,372;;
1903; TRES LAGOAS 1 - 138;    7,674;    7,586;;
8344; ABAIARA - 230;    5,198;    4,840;;
6203; ABAIXADORA - 69;    5,171;    4,786;;
9739; ABDON BATISTA - 230;    9,599;    9,895;;
9738; ABDON BATISTA - 525;    9,690;   10,007;;
6931; ABUNA - 138;    7,255;    6,894;;
6930; ABUNA - 230;    7,255;    6,894;;
6700; ACAILANDIA - 500;    5,320;    4,888;;
5923; ACARAT CE - 230;    5,080;    4,602;;
5318; ACARAT-CE500;    5,097;    4,621;;
5486; ACARAU II – 230;    5,073;    4,595;;
1596; ACESITA - 230;    8,272;    8,247;;
5463; ACU II - 69;    4,557;    4,182;;
5468; ACU II - 138;    4,690;    4,242;;
5461; ACU II - 230;    4,557;    4,182;;
5351; ACU III - 230;    4,500;    4,137;;
5350; ACU III - 500;    4,642;    4,196;;
173; ADRIANOPOLIS - 138;    8,278;    8,222;;
140; ADRIANOPOLIS - 345;    8,295;    8,242;;
106; ADRIANOPOLIS - 500;    8,260;    8,220;;
2974; AGUAS LINDAS - 69;    7,093;    6,869;;
2987; AG.LINDAS230;    7,093;    6,869;;
5106; ANGELIM - 13,8;    5,664;    5,285;;
3801; AGUAI - 138;    8,611;    8,651;;
452; AGUA AZUL - 138;    8,991;    9,072;;
453; AGUA AZUL - 440;    8,963;    9,043;;
4043; AIMORES - 230;    7,285;    7,084;;
3934; AJINOMOTO BIO - 138;    9,834;   10,073;;
5796; ALAGOINHA 2 - 69;    6,944;    6,952;;
6000; ALAGOAS 2 - 230;    6,944;    6,952;;
1185; ALEGRETE2 - 69;    9,900;   10,384;;
1186; ALEGRETE2 - 230;    9,898;   10,390;;
8163; ALEX - 230;    4,467;    4,182;;
6523; ALTAMIRA - 69;    6,435;    6,125;;
6521; ALTAMIRA - 230;    6,435;    6,125;;
668; ALTA PAULISTA - 400;    7,882;    7,828;;
2336; AMPARO - 138;    8,814;    8,879;;
1079; ANASTACIO - 138;    8,378;    8,516;;
1078; ANASTACIO - 230;    8,369;    8,505;;
3840; AVANTI N.CORT - 138;    7,666;    7,577;;
3882; ANDRADINA - 138;    7,661;    7,568;;
44594; ANEMUS - 230;    4,444;    4,140;;
5100; ANGELIM - 500;    5,536;    5,157;;
5103; ANGELIM - 69;    5,664;    5,285;;
5101; ANGELIM - 230;    5,664;    5,285;;
185; ANGRA 1 - 138;    8,210;    8,162;;
105; ANGRA - 500;    8,141;    8,086;;
1773; ANGRA AMPLA - 138;    8,245;    8,201;;
762; ANHANGUERA - 69;    7,662;    7,621;;
761; ANHANGUERA - 138;    7,653;    7,610;;
760; ANHANGUERA GO - 230;    7,662;    7,621;;
444; ANHANGUERA - 88;    9,294;    9,401;;
431; ANHANGUERA SP - 230;    9,674;    9,871;;
439; ANHANGUERA - 345;    9,294;    9,401;;
459; APARECIDA - 88;    8,647;    8,669;;
458; APARECIDA - 230;    8,647;    8,669;;
879; APUCARANA - 138;    9,402;    9,640;;
878; APUCARANA - 230;    9,400;    9,639;;
5383; AQUIRAZ II - 69;    5,276;    4,856;;
5381; AQUIRAZ - 230;    5,276;    4,856;;
2296; ARACATUBA - 138;    7,987;    7,941;;
4081; ARACUAI 2 - 138;    5,297;    4,863;;
4070; ARACUAI - 230;    5,319;    4,887;;
6083; ARAPIRACA III - 69;    7,727;    7,670;;
6081; ARAPIRACA III - 230;    7,727;    7,670;;
3802; ARARAS 1 - 138;    8,613;    8,662;;
3803; ARARAS 2 - 138;    8,624;    8,675;;
560; ARARAQUARA CTP - 138;    8,296;    8,304;;
559; ARARAQUARA - 440;    8,317;    8,328;;
101; ARARAQUARA - 500;    7,942;    7,907;;
99; ARARAQUARA - 525;    7,943;    7,908;;
589; ARARAS SP - 440;    8,680;    8,738;;
7058; ARARAQUARA 2 - 440;    8,090;    8,071;;
7057; ARARAQUARA 2 - 500;    7,970;    7,936;;
7411; ARAXA 3 - 138;    7,020;    6,841;;
7410; ARAXA 3 - 345;    6,978;    6,796;;
5093; ARCOVERDE II - 69;    5,609;    5,208;;
5092; ARCOVERDE II - 230;    5,609;    5,208;;
9336; AREIA - 13,8;    9,746;   10,014;;
823; AREIA - 138;    9,748;   10,016;;
934; AREIA - 230;    9,726;    9,992;;
933; AREIA - 525;    9,317;    9,551;;
4349; ARINOS 2 - 500;    5,315;    4,899;;
6881; ARIQUEMES - 69;    7,328;    7,049;;
6880; ARIQUEMES - 230;    7,328;    7,049;;
3804; A.NOGUEIRA - 138;    8,687;    8,748;;
3841; ARUJA - 138;    9,014;    9,096;;
7626; ARUJA 2 - 138;    9,008;    9,090;;
45680; ASOLO 2 - 230;    6,578;    6,429;;
552; ASSIS - 440;    8,249;    8,262;;
556; ASSIS - 525;    8,368;    8,416;;
3192; ASSIS I - 88;    8,732;    8,826;;
551; ASSIS 2 - 230;    8,688;    8,776;;
3193; ASSIS III - 88;    8,722;    8,814;;
4130; PETRO ATIBAIA - 138;    8,978;    9,055;;
3842; ATIBAIA 1 - 138;    8,977;    9,054;;
697; ATIBAIA 2 - 345;    9,036;    9,114;;
3843; ATIBAIA 3 - 138;    8,984;    9,063;;
1331; ATLANTIDA 2 - 69;   10,570;   11,031;;
1330; ATLANTIDA 2 - 230;   10,570;   11,031;;
2337; AUXILIADORA - 138;    9,409;    9,582;;
629; AVARE - 230;    9,702;    9,924;;
3150; AVARE NOVA - 230;    9,702;    9,924;;
537; AGUA VERMELHA - 138;    7,565;    7,458;;
536; AGUA VERMELHA - 440;    7,464;    7,342;;
535; AGUA VERMELHA - 500;    7,279;    7,142;;
451; AVILLAR - 230;    9,385;    9,507;;
3058; VILA DE PAIVA - 88;    9,220;    9,303;;
9891; ANDIRA LESTE - 138;    9,333;    9,537;;
9892; ANDIRA LESTE - 230;    9,274;    9,465;;
229; BARRO ALTO - 230;    6,616;    6,289;;
2980; BARRO ALTO - 69;    6,616;    6,289;;
4040; BARRO BRANCO - 345;    7,595;    7,449;;
3146; BERNAR.CAMPOS - 88;    9,306;    9,479;;
9444; B. DOS COQUEIROS - 230;    6,415;    6,160;;
5511; B.ESPERANCA - 230;    5,684;    5,308;;
5510; B.ESPERANCA - 500;    5,289;    4,858;;
5678; UB.ESPERANCA - 69;    5,685;    5,309;;
221; BRAS. GERAL - 34,5;    7,372;    7,264;;
227; BRASILIA GERAL - 230;    7,372;    7,264;;
576; BOM JARDIM - 88;    8,820;    8,893;;
575; BOM JARDIM - 138;    8,873;    8,946;;
574; BOM JARDIM - 440;    8,820;    8,893;;
7183; BOM JESUS II - 69;    5,533;    5,170;;
7181; B.JESUS II - 230;    5,533;    5,170;;
3698; BRAS. LESTE - 138;    6,560;    6,302;;
3699; BRASILIA LESTE - 500;    6,492;    6,222;;
5403; BOM NOME - 69;    5,279;    4,944;;
5402; BOM NOME - 138;    5,279;    4,943;;
5401; BOM NOME - 230;    5,279;    4,944;;
4503; BARRA PEIXE - 138;    7,100;    7,043;;
4502; BARRA PEIXE - 230;    7,066;    7,006;;
236; BRAS. SUL - 138;    6,772;    6,552;;
228; BRAS. SUL - 230;    7,154;    6,999;;
219; BRAS. SUL -345;    6,839;    6,629;;
5684; BACAB - MA - 500;    5,345;    4,903;;
1189; BAGE2 - 69;    9,951;   10,327;;
1188; BAGE 2 - 230;    9,951;   10,327;;
479; BAGUACU - 138;    7,987;    7,941;;
478; BAGUACU - 440;    7,995;    7,949;;
1495; BAGUARI - 230;    7,265;    7,056;;
9354; BAIXO IGUACU PR - 230;    9,398;    9,636;;
473; B. SANTISTA - 88;    9,402;    9,516;;
472; B. SANTISTA - 230;    9,583;    9,712;;
471; B. SANTISTA - 345;    9,368;    9,479;;
8501; BALBINA - 230;    6,383;    6,090;;
5393; BALSAS - 69;    5,332;    4,959;;
5391; BALSAS - 230;    5,332;    4,959;;
5423; BANABUIU - 69;    4,785;    4,423;;
5421; BANABUIU - 230;    4,785;    4,423;;
3494; BANDEIRANTES - 34,5;    9,405;    9,535;;
226; BANDEIRANTE GO - 230;    7,476;    7,398;;
218; BANDEIRANTE GO - 345;    7,012;    6,834;;
493; ECH BANDEIRAN - 88;    9,405;    9,535;;
492; BANDEIRANTE SP - 345;    9,405;    9,535;;
309; BARBACENA 2 - 138;    8,083;    8,032;;
308; BARBACENA - 345;    8,128;    8,088;;
633; BARIRI - 138;    8,614;    8,664;;
3056; BARRA DO UNA - 138;    9,148;    9,238;;
6315; BARREIRAS II - 230;    5,375;    5,295;;
6363; BARREIRAS - 69;    5,524;    5,653;;
6365; BARREIRAS - 138;    5,537;    5,697;;
6361; BARREIRAS - 230;    5,524;    5,653;;
6360; BARREIRAS - 500;    5,258;    4,854;;
314; BARREIRO 1 - 138;    7,511;    7,342;;
313; BARREIRO - 345;    7,511;    7,342;;
3190; BASTOS - 138;    7,964;    7,920;;
112; BATEIAS - 500;    9,387;    9,629;;
113; BATEIAS 2 - 500;    9,387;    9,629;;
2359; BATEIAS - 138;    9,979;   10,361;;
814; BATEIAS - 230;    9,887;   10,245;;
895; BATEIAS - 525;    9,439;    9,696;;
114; BATEIAS 3 - 500;    9,389;    9,635;;
562; BAURU - 138;    8,488;    8,517;;
561; BAURU SP - 440;    8,459;    8,483;;
3427; BADY BASSITT - 138;    7,981;    7,936;;
635; BARRA BONITA - 138;    8,970;    9,076;;
9004; BARAO DE COCAIS 3 - 230;    7,896;    7,765;;
4050; B.DESPACHO - 500;    6,807;    6,574;;
709; BERTIOGA II - 138;    9,214;    9,311;;
3844; BERTIOGA 1 - 138;    9,255;    9,355;;
3846; BERTIOGA 3 - 138;    9,171;    9,263;;
4170; BERTIOGA 4 - 138;    9,201;    9,297;;
5513; B. ESPERANCA - 69;    5,685;    5,309;;
4339; BETIM 6 - 138;    7,319;    7,134;;
4337; BETIM 6 -345;    7,344;    7,161;;
9626; B. FLUMINENSE - 500;    8,237;    8,196;;
5158; BONGI - 13,8;    6,432;    6,255;;
936; BARRA GRANDE - 230;    9,462;    9,714;;
7628; COL BOA HORA - 138;    7,576;    7,471;;
948; BIGUACU - 138;   10,229;   10,662;;
947; BAIXO IGUACU SC - 230;   10,164;   10,583;;
946; BIGUACU--525;    9,833;   10,182;;
6584; BIRIGUI 3 - 138;    7,921;    7,867;;
3051; BIRITIBA - 138;    9,051;    9,135;;
6358; B.J.LAPA II - 230;    5,113;    4,674;;
6349; BJLAPAII - 500;    5,239;    4,800;;
6353; B.J.LAPA II - 69;    5,105;    4,665;;
6351; B.J.LAPA - 230;    5,105;    4,665;;
940; BLUMENAU - 138;   10,163;   10,600;;
939; BLUMENAU - 230;   10,124;   10,552;;
938; BLUMENAU - 525;    9,776;   10,111;;
5406; BOM NOME - 13,8;    5,279;    4,944;;
2113; BROTAS - 138;    8,971;    9,076;;
3423; BOITUVA 2 - 138;    9,997;   10,262;;
3054; BOISSUCANGA - 138;    9,110;    9,195;;
5156; BONGI - 69;    6,432;    6,255;;
5152; BONGI - 230;    6,432;    6,255;;
3155; BORBOREMA - 138;    8,329;    8,336;;
626; BOTUCATU - 138;    9,479;    9,662;;
625; BOTUCATU - 230;    9,593;    9,793;;
4506; BARRA PEIXE - 13,8;    7,103;    7,046;;
7770; BRANCO PERES - 138;    7,873;    7,816;;
7734; BRACEL - 440;    8,618;    8,668;;
3158; BRA. PAULISTA - 138;    8,907;    8,980;;
4868; BRASNORTE - 230;    6,671;    6,639;;
4871; BRASNORTE - 138;    6,701;    6,670;;
9064; BRAUNAS - 138;    7,547;    7,355;;
9063; BRAUNAS - 161;    7,548;    7,352;;
9051; BRAUNA - 230;    7,548;    7,352;;
276; BRISAMAR - 138;    8,305;    8,267;;
6334; BROT.MACAUBAS - 230;    4,470;    3,958;;
5944; BRUMADO II - 69;    7,817;    7,601;;
5947; BRUMADO II - 138;    7,817;    7,601;;
5941; BRUMADO II - 230;    7,817;    7,601;;
3917; BURI - 138;   10,279;   10,603;;
6075; BURITIRAMA - 500;    5,027;    4,579;;
5703; CIC. DANTAS - 69;    6,135;    5,929;;
5701; CIC.DANTAS - 230;    6,135;    5,929;;
756; CACHOEIRA DOURADA - 230;    6,500;    6,337;;
755; C. DOURADA - 138;    6,621;    6,463;;
4513; C. MAGALHAES - 138;    7,018;    6,970;;
4512; C. MAGALHAES - 230;    6,966;    6,922;;
3197; CANDIDO MOTA - 88;    8,987;    9,120;;
5526; COELHO NETO - 69;    6,507;    6,185;;
5525; COELHO NETO - 230;    6,522;    6,201;;
5263; CUR.NOVOS II - 69;    4,444;    4,140;;
5262; CURRAIS NOVOS II - 230;    4,444;    4,140;;
183; C. PAULISTA - 138;    8,257;    8,229;;
104; C. PAULISTA - 500;    8,254;    8,227;;
9014; CONSE. PENA - 69;    7,384;    7,196;;
7054; C.PORTO VELHO - 230;    6,845;    6,437;;
7055; C.PORTO VELHO - 500;    4,213;    3,958;;
7049; C. PORTO VELHO - 138;    6,883;    6,481;;
8551; CRISTIANO ROCHA - 230;    6,534;    6,260;;
591; CABREUVA - 138;    8,963;    9,047;;
590; CABREUVA - 230;    9,339;    9,479;;
584; CABREUVA - 440;    8,948;    9,034;;
9305; CACHOEIRINHA 3 - 138;   10,355;   10,797;;
683; CACONDE - 138;    8,461;    8,484;;
9458; CACU - 230;    6,415;    6,160;;
5098; CAETES II - 230;    5,586;    5,189;;
41414; CAIACA-SC - 230;   10,573;   11,069;;
3862; MELHORAMENTOS - 138;    8,980;    9,062;;
9675; CRUZ ALTA 1 – 23;   10,042;   10,428;;
10219; CRUZ ALTA 2 - 69;   10,123;   10,533;;
10218; CRUZ ALTA 2 - 230;   10,146;   10,564;;
5750; CAMACARI - 500;    6,365;    6,153;;
5756; CAMACARI IV - 230;    6,766;    6,663;;
5752; CAMACARI IV - 500;    6,381;    6,177;;
5757; CAMACARI II - 69;    6,777;    6,643;;
9570; CAMAQUA 3 - 69;   10,164;   10,561;;
9569; CAMAQUA 3 - 230;   10,142;   10,535;;
1195; CAMAQUA - 69;   10,172;   10,569;;
1194; CAMAQUA - 230;   10,195;   10,595;;
171; CAMPINAS - 138;    8,866;    8,953;;
123; CAMPINAS - 345;    8,948;    9,043;;
103; CAMPINAS - 500;    8,530;    8,578;;
117; CAMPOS 2 - 500;    7,765;    7,644;;
1196; CAMPO BOM - 69;   10,207;   10,638;;
1198; CAMPO BOM - 230;   10,207;   10,638;;
175; CAMPOS - 138;    7,680;    7,525;;
147; CAMPOS - 345;    7,645;    7,483;;
4684; CANARANA CMT - 230;    7,948;    7,987;;
4683; CANARANA CMT - 138;    7,805;    7,818;;
9591; CANDELARIA 2 - 69;   10,028;   10,389;;
9590; CANDELARIA 2 - 230;   10,028;   10,389;;
9952; CANDIOTA 2 - 230;    9,866;   10,213;;
9951; CANDIOTA 2 - 525;    9,929;   10,284;;
9785; CANDIOTA - 230;    9,651;    9,954;;
9786; CANDIOTA - 525;    9,651;    9,954;;
1324; CANOAS 1 - 23;   10,437;   10,889;;
1190; CANOA 1 - 230;   10,437;   10,889;;
1248; CANOAS 2 - 230;   10,253;   10,671;;
2725; CANOINHAS ESU - 138;   10,501;   10,966;;
943; CANOINHA - 230;   10,510;   10,972;;
1038; CAPIVARI SUL - 138;   10,367;   10,796;;
1037; CAPIVARI-230;   10,367;   10,795;;
1036; CAPIVARI-525;    9,994;   10,363;;
549; CAPIVARA - 440;    8,064;    8,045;;
550; CAPIVARA - 138;    8,080;    8,064;;
3885; CARDOSO - 138;    7,671;    7,580;;
3057; CARAGUATATUBA - 88;    9,020;    9,094;;
3715; CARAJAS GO - 138;    7,832;    7,814;;
3714; CARAJAS GO - 230;    7,832;    7,814;;
6397; CARAJAS PA - 138;    5,815;    5,432;;
6407; CARAJAS PA - 230;    5,815;    5,432;;
7182; CARAUBAS II - 69;    4,500;    4,137;;
477; CARBOCLORO - 230;    9,638;    9,772;;
45467; CARGILL - 138;    7,682;    7,595;;
840; CASCAVEL - 138;    9,555;    9,822;;
839; CASCAVEL - 230;    9,546;    9,811;;
9538; CASCAVEL NORT - 230;    9,543;    9,811;;
2458; CASCAVEL OESTE - 230;    9,352;    9,582;;
896; CASCAVOE - 525;    8,927;    9,074;;
9539; CASCAVEL NORT - 138;    9,527;    9,790;;
9332; CAMPO ASSOBIO - 13,8;   10,347;   10,763;;
10355; CASSILANDIA - 230;    6,561;    6,351;;
2354; CAMPO ASSOBIO - 138;   10,313;   10,723;;
2353; CAMPO ASSOBIO - 230;   10,347;   10,763;;
6489; CASTANHA - 230;    6,726;    6,445;;
6485; CASTANHAL - 138;    6,726;    6,445;;
9278; CASTERTECH - 230;   10,016;   10,401;;
3886; CASTILHO - 138;    7,659;    7,569;;
7640; CASTILHO 2 - 138;    7,637;    7,541;;
10138; CASTRO NORTE - 230;   10,077;   10,405;;
2418; CASTRO NORTE - 138;   10,152;   10,488;;
638; CATANDUVA - 138;    8,138;    8,117;;
5786; CATU - 69;    7,057;    7,230;;
5782; CATU - 230;    7,057;    7,230;;
5653; CAUIPE - 69;    5,308;    4,871;;
5651; CAIUPE - 230;    5,308;    4,871;;
9279; CAXIAS SUL 5 - 13,8;   10,077;   10,480;;
1201; CAXIAS SUL 2 - 69;   10,039;   10,433;;
1200; CAXIAS SUL 2 - 230;    9,995;   10,378;;
1193; CAXIAS SUL 5 - 69;   10,055;   10,453;;
1192; CAXIAS 5 -230;   10,077;   10,480;;
1387; CAXIAS 6 - 69;   10,010;   10,394;;
1386; CAXIAS 6 - 230;   10,010;   10,394;;
965; CAXIAS - 230;    9,945;   10,313;;
964; CAXIAS RS - 525;    9,733;   10,058;;
5529; CAXIAS II - 69;    6,675;    6,375;;
10217; CAXIAS NORTE - 138;    9,866;   10,221;;
10216; CAXIAS NORTE - 230;    9,866;   10,221;;
10215; CAXIAS NORTE - 525;    9,674;    9,989;;
607; CBA - 230;    9,339;    9,479;;
608; CBA TERM - 440;    9,126;    9,219;;
603; CBA 2 - 440;    9,126;    9,219;;
10033; CURITIBA CENTRO - 138 (69kV);   10,316;   10,748;;
9543; CBA LESTE - 230;   10,221;   10,622;;
9542; CBA LESTE - 525;    9,712;   10,029;;
9698; CURITIBA NORT - 138;   10,084;   10,523;;
9697; CURITIBA NORT - 230;   10,131;   10,597;;
9201; CAMPO BOM - 23;   10,207;   10,638;;
624; CAPAO BONITO - 138;   10,423;   10,768;;
623; CAPAO BONITO - 230;   10,821;   11,231;;
6603; CASA BRANCA 5 - 138;    8,453;    8,476;;
3132; CASA BRANCA - 138;    8,453;    8,476;;
3964; CANA BRAVA - 230;    5,821;    5,447;;
9321; C.COMPRIDO - 13,8;   10,098;   10,500;;
2363; C.COMPRIDO - 69;   10,221;   10,643;;
816; C.COMPRIDO - 230;   10,098;   10,500;;
4144; JARINU 2 - 138;    8,895;    8,967;;
6132; CEAMIRIM - 230;    4,859;    4,437;;
6130; CEA.MIRIM II - 500;    4,798;    4,338;;
3081; CEBRASP - 88;    9,193;    9,275;;
3149; CERQUEIRA CESAR 2 - 88;    9,349;    9,526;;
4172; CEDASA - 138;    8,971;    9,076;;
3429; CENTRO-CTR - 20;    9,939;   10,207;;
428; CENTRO-CTR - 88;    9,939;   10,207;;
427; CENTRO - 230;    9,939;   10,207;;
4148; FERRO LIGAS - 138;    9,949;   10,205;;
9731; CERRO CHATO - 230;    9,718;   10,133;;
3933; PPE-INVEX - 138;    9,941;   10,197;;
2035; CERQUILHO 3 - 230;    9,993;   10,252;;
3919; CERQUILHO - 88;    9,411;    9,590;;
3874; CERQUILHO 2 - 138;    9,941;   10,197;;
3920; CESARIO LANGE - 138;    9,968;   10,228;;
970; GARABI 2 - 500;    9,563;    9,873;;
971; GARABI 1 - 500;    9,563;    9,873;;
6107; CAMPO FORMOSO - 230;    4,996;    4,510;;
1043; RIVERA - 230;    9,796;   10,222;;
5222; CAMPINA GRANDE II - 230;    5,392;    4,970;;
1890; C.G.IMBIRUSSU - 138;    7,868;    7,869;;
1026; CAMPO GRANDE2 - 138;    7,826;    7,818;;
1025; CAMPO GRANDE II - 230;    7,839;    7,834;;
5226; C.GRANDE II - 69;    5,391;    4,970;;
5202; CAMPINA GRANDE III - 230;    5,338;    4,910;;
5200; CAMPINA GRANDE III - 500;    5,090;    4,636;;
5327; CHAPADA I - 138;    4,661;    4,133;;
5303; CHAPADA 1 PI - 230;    4,660;    4,132;;
6631; CHAPADA 2 PI - 230;    4,666;    4,136;;
5305; CHAPADA 3 PI - 230;    4,588;    4,050;;
1089; CHAPADAO - 230;    6,561;    6,351;;
5687; CHAPADINHA II - 69;    6,365;    6,022;;
5685; CHAPADINHA II - 230;    6,358;    6,014;;
10276; CHARQUEADAS 3 - 230;   10,222;   10,615;;
1203; CHARQUEADAS - 69;   10,306;   10,708;;
951; CHARQUEADAS (SE) - 230;   10,306;   10,708;;
615; CHAVANTES - 230;    9,293;    9,468;;
7784; HELIO VALGAS MG - 345;    6,068;    5,748;;
9342; C.I.CURITIBA - 13,8;   10,202;   10,626;;
2368; C.I.CURITIBA - 69;   10,225;   10,647;;
815; C.IND. CURITIBA - 230;   10,202;   10,626;;
1257; C.INDUSTRIAL - 138;   10,361;   10,805;;
1258; C.INDUSTRIAL - 230;   10,356;   10,797;;
9207; C.INDUSTRIAL - 23;   10,356;   10,797;;
4495; CLAUDIA - 500;    6,392;    6,223;;
3922; CIMENTO MARINGA - 138;   10,441;   10,796;;
5751; CAMACARI II - 230;    6,777;    6,643;;
860; C.MOURAO - 138;    9,569;    9,836;;
954; C.MOURAO - 230;    9,644;    9,920;;
958; C.NOVOS - 138;    9,596;    9,883;;
956; CAMPOS NOVOS - 230;    9,533;    9,808;;
955; CAMPOS NOVOS - 525;    9,641;    9,946;;
9513; UTE COCAL - 88;    8,614;    8,687;;
3969; COCAL 2 - 138;    8,088;    8,074;;
789; CODEMI GO- 230;    6,082;    5,724;;
4465; COLIDER - 500;    6,392;    6,223;;
7308; COLINAS--138;    5,425;    5,030;;
7300; COLINAS - 500;    5,322;    4,908;;
9607; COMPERJ - 345;    8,091;    8,003;;
3921; CONCHAS - 88;    9,411;    9,590;;
3805; CONCHAL - 138;    8,690;    8,747;;
3806; CORDEIROPOLIS - 138;    8,652;    8,708;;
5623; COREMAS - 69;    5,199;    4,790;;
5621; SE COREMAS II - 230;    5,199;    4,790;;
3970; CORUMBA - 138;    6,912;    6,719;;
1019; CORUMBA - 138;    8,430;    8,586;;
1018; CORUMBA 2 - 30;    8,437;    8,595;;
220; CORUMBA - 345;    6,912;    6,719;;
5803; COTEGIPE - 69;    6,973;    6,906;;
5802; COTEGIPE - 230;    6,973;    6,906;;
5216; COTEMINAS - 230;    5,498;    5,093;;
4533; COXIPO - 138;    7,074;    7,022;;
4532; COXIPO - 230;    7,087;    7,045;;
27; C. PAULISTA 2 - 500;    8,254;    8,227;;
9009; CONSE. PENA - 13,8;    7,384;    7,196;;
319; CONSE. PENA - 230;    7,384;    7,196;;
7615; CPKELCCO - 138;    8,657;    8,714;;
8320; CRATO - 69;    5,112;    4,655;;
8319; CRATO 2 - 230;    5,112;    4,655;;
3838; CRESCIUMAL - 138;    8,576;    8,620;;
3870; CRUZACO - 138;    8,941;    9,015;;
5792; CATU - 13,8;    7,057;    7,230;;
9104; U.CUBATAO - 230;    9,588;    9,717;;
9105; CUBATAO - 230;    9,588;    9,717;;
4515; CUIABA - 230;    7,051;    7,007;;
4514; CUIABA - 500;    7,045;    6,982;;
960; CURITIBA - 230;   10,016;   10,400;;
959; CURITIBA - 525;    9,611;    9,908;;
6641; CURRAL NOVO PIAUI - 230;    4,612;    4,080;;
6640; CURRAL NOVO PIAUI - 500;    4,805;    4,308;;
7603; CUTRALE COL. - 138;    9,322;    9,428;;
44812; VEREDA - 345;    6,042;    5,719;;
5473; DELM. GOUVEIA- 69;    5,753;    5,448;;
5471; DELM. GOUVEIA - 230;    5,753;    5,448;;
5804; D.PITUACU - 230;    7,126;    7,078;;
420; DOMENICO RANGONI - 345;    9,341;    9,449;;
498; DA MATA  - 138;    7,805;    7,735;;
4892; DARDANELOS - 230;    6,559;    6,522;;
3401; ETC DCTA SP - 088;    9,235;    9,318;;
9112; DECASA - 88;    8,859;    8,972;;
3837; DELTA ELK - 138;    8,971;    9,076;;
5730; DER.OLD 1- 230;    6,597;    6,558;;
2339; DESCALVADO - 138;    8,449;    8,475;;
2706; DESTERRO - 138;   10,573;   11,068;;
945; DESTERRO - 230;   10,699;   11,219;;
1223; DONA FRANCISCA - 230;    9,725;   10,066;;
7228; DIANOPOLIS II - 138;    5,422;    5,176;;
9320; D.S.J.PINHAIS - 69;   10,346;   10,772;;
818; D. INDUSTRIAL SJP - 230;   10,327;   10,746;;
9322; D.S.J.PINHAIS - 13,8;   10,327;   10,746;;
4290; DOOSAN DABO - 138;    8,675;    8,739;;
10102; DOURADOS 2 - 138;    8,307;    8,332;;
10101; DOURADOS 2 - 230;    8,292;    8,312;;
1086; DOURADOS - 230;    8,352;    8,379;;
1142; DOURADOS - 138;    8,331;    8,357;;
639; DRACENA - 138;    7,937;    7,893;;
9125; D.CENTER ITAU - 138;    8,700;    8,757;;
3127; DURATEX ITAP - 138;   10,218;   10,524;;
5683; ELISEU MARTINS - 69;    5,259;    4,872;;
5681; E. MARTIN - 230;    5,259;    4,872;;
7641; ESTRELA D OESTE - 138;    7,651;    7,557;;
410; EDGARD SOUZA - 230;    9,558;    9,735;;
3833; TRW AUTOMOTI. - 138;    8,681;    8,738;;
3018; EDEIA - 230;    6,657;    6,522;;
4192; UTE ELDORADO - 138;    7,651;    7,558;;
9241; ELDORADO SUL - 23;   10,359;   10,789;;
1212; ELDORADO - 230;   10,359;   10,789;;
5872; EMBASA - 230;    6,966;    6,805;;
321; EMBORCACAO - 138;    6,775;    6,558;;
320; EMBORCACAO - 500;    6,785;    6,567;;
3063; EMBRAER - 88;    8,895;    8,952;;
4193; EMBRAMACO - 138;    8,649;    8,704;;
3472; EMBRAPORT - 138;    9,348;    9,457;;
583; EMBU-GUACU - 138;    9,269;    9,375;;
582; EMBU-GUACU - 345;    9,333;    9,444;;
581; EMBU-GUACU - 440;    9,166;    9,261;;
9127; EMPLAL - 138;    7,676;    7,588;;
6003; ENCRUZO NOVO - 69;    6,595;    6,287;;
6001; ENCRUZO - 230;    6,595;    6,287;;
3175; ENEIDA - 138;    7,893;    7,840;;
41413; ENSEAD-SC2 - 30;   10,418;   10,885;;
411; EDGARD SOUZA - 88;    9,558;    9,735;;
3012; ESTREITO - 345;    7,623;    7,518;;
3010; ESTREITO - 500;    7,585;    7,475;;
5974; EUNAPOLIS - 138;    8,105;    7,908;;
5972; EUNAPOLI - 230;    8,155;    7,958;;
6133; EXTREMOZ II - 69;    5,043;    4,600;;
6131; EXTREMOZ II - 230;    5,043;    4,600;;
610; F.DIAS - 440;    8,412;    8,423;;
609; F.DIAS - 500;    8,175;    8,152;;
60; F.IGUACU - 765;    8,851;    8,975;;
7639; FRANGO RICO - 138;    7,709;    7,624;;
1207; FARROUPILHA - 69;   10,032;   10,421;;
962; FARROUPILHA - 230;   10,032;   10,421;;
1062; FOZ CHAPECO - 138;    9,525;    9,786;;
1071; FOZ DO CHAPECO - 230;    9,495;    9,750;;
848; FOZ DO CHOPIM - 138;    9,572;    9,830;;
898; FCHOPIM--230;    9,536;    9,787;;
6991; FEIJO - 69;    7,866;    7,566;;
6980; FEIJO - 230;    7,866;    7,566;;
5798; FEIRA DE SANTANA III - 69;    6,846;    6,693;;
3888; FERNANDOPOLIS - 138;    7,668;    7,577;;
41450; FIBR-F RS - 230;   10,364;   10,779;;
1315; FIBRAPLAC - 230;   10,383;   10,799;;
2447; F.IGUACUNORTE - 138;   10,256;   10,660;;
843; F.IGUACUNORTE - 230;   10,330;   10,747;;
9334; FIGUEIRA - 13,8;    9,601;    9,835;;
2485; FIGUEIRA - 138;    9,604;    9,839;;
884; FIGUEIRA - 230;    9,630;    9,868;;
780; FIRMINOPOLIS - 138;    7,348;    7,309;;
2992; FIRMINOPOLIS - 230;    7,319;    7,279;;
3180; ALTO ALEGRE - 138;    7,893;    7,840;;
5420; FLORESTA II - 230;    5,318;    5,020;;
642; FLOR.PAULISTA - 69;    7,895;    7,842;;
640; FLOR.PAULISTA - 138;    7,895;    7,842;;
3851; FRANCISCO MOR - 138;    8,982;    9,063;;
5755; FORD - 230;    6,962;    6,873;;
2749; FORQUILHINHA - 69;   10,364;   10,835;;
961; FORQUILINHA - 230;   10,401;   10,879;;
5453; FORTALEZA - 69;    5,299;    4,872;;
5452; FORTALEZA - 230;    5,299;    4,872;;
9435; F.IGUACU - 500;    8,849;    8,975;;
3852; FRANCO DA ROC - 138;    8,981;    9,063;;
5458; FORTALEZA II - 230;    5,279;    4,847;;
5451; FORTALEZA II - 500;    4,949;    4,458;;
5904; FUNIL - 138;    8,069;    7,882;;
5902; FUNIL - 230;    8,014;    7,825;;
5911; FUNIL - 13,8;    8,069;    7,882;;
136; FURNAS - 345;    7,793;    7,698;;
8980; FUTURA - 500;    5,031;    4,577;;
2954; GOIANIA LESTE - 13,8;    7,996;    8,029;;
763; GOIANIA LESTE - 230;    7,996;    8,029;;
5883; G.MANGABEIRA - 69;    6,915;    6,744;;
5881; G. MANGABEIRA - 230;    6,915;    6,744;;
8393; GAMELEIRA - 230;    4,923;    4,444;;
972; GARABI 1 - 525;    9,563;    9,873;;
973; GARABI 2 - 525;    9,563;    9,873;;
5091; GARANHUNS II - 230;    5,563;    5,169;;
5090; GARANHUNS - 500;    5,346;    4,937;;
5099; GARANHUNS II - 69;    5,563;    5,169;;
1205; GARIBALDI 1 - 69;   10,229;   10,650;;
1206; GARIBALDI - 230;   10,229;   10,650;;
9534; GASPAR-2-138;   10,509;   11,049;;
9533; GASPAR 2 -230;   10,562;   11,118;;
10081; GASPAR 2 - 525;    9,766;   10,099;;
800; AREIA - 500;    9,317;    9,551;;
6061; GENTIO DO OURO II - 230;    4,760;    4,247;;
6060; GENTIO DO OURO II - 500;    5,047;    4,584;;
585; GERDAU SP - 440;    9,066;    9,161;;
3106; GETULINA - 138;    8,144;    8,123;;
540; GETULINA - 440;    8,166;    8,147;;
7193; GILBUES II - 69;    5,339;    4,939;;
7191; GILBUES - 230;    5,339;    4,939;;
7190; GILBUES II - 500;    5,129;    4,693;;
3084; GLEBA - 138;    9,062;    9,142;;
9519; MARACAI - 88;    8,654;    8,735;;
3023; GOIANIA - 230;    7,476;    7,398;;
5203; GOIANINHA - 69;    6,028;    5,734;;
5201; GOIANINHA - 230;    6,028;    5,734;;
9338; PARIGOT SOUZA - 13,8;   10,763;   11,189;;
2373; PARIGOT SOUZA - 138;   10,772;   11,199;;
817; PARIGOT SOUZA - 230;   10,671;   11,080;;
178; GRAJAU - 138;    8,344;    8,314;;
107; GRAJAU - 500;    8,345;    8,317;;
9284; GRAVATAI2 - 23;   10,312;   10,738;;
1209; GRAVATAI2 - 69;   10,381;   10,822;;
1210; GRAVATA2 - 230;   10,312;   10,738;;
1314; GRAVATAI3 - 69;   10,371;   10,791;;
1313; GRAVATAI3 - 230;   10,371;   10,791;;
976; GRAVATAI - 525;    9,930;   10,288;;
813; GRALHA AZUL - 230;    9,949;   10,313;;
4291; GUARA. TANABI - 138;    7,842;    7,777;;
2311; GUARANI - 138;    7,916;    7,861;;
978; GUAIRA F -230;    8,958;    9,112;;
1197; GUAIBA 2 - 69;   10,181;   10,572;;
1199; GUAIBA - 230;   10,181;   10,573;;
975; GUAIBA3 - 230;   10,147;   10,534;;
974; GUAIBA3 - 525;    9,885;   10,234;;
873; GUAIRA F - 525;    8,906;    9,048;;
847; GUAIRA - 138;    9,061;    9,235;;
6472; GUAMA - 69;    6,388;    6,071;;
6471; GUAMA - 230;    6,388;    6,071;;
10137; GUARAPUAVA OESTE - 138;    9,761;   10,024;;
10136; GUARAPUAVA OESTE - 230;    9,744;   10,002;;
3869; D.QUIMICA ELK - 138;    9,322;    9,428;;
3864; GUARATUBA PBR - 138;    9,191;    9,285;;
7686; GUARARAPES 2 - 138;    7,867;    7,806;;
1214; GUARITA - 69;    9,900;   10,222;;
1213; GUARITA - 230;    9,900;   10,222;;
7610; GUARUJA 4 - 138;    9,315;    9,420;;
3853; GUARUJA 1 - 138;    9,320;    9,426;;
3854; GUARUJA 2 - 138;    9,312;    9,418;;
3855; GUARUJA 3 - 138;    9,320;    9,426;;
126; GUARULHOS - 345;    9,194;    9,292;;
1529; GUILMAN - 230;    7,414;    7,210;;
7106; GURUPI - 230;    5,565;    5,225;;
7100; GURUPI - 500;    5,638;    5,271;;
9123; GV - 230;    8,813;    8,857;;
9007; G.VALADARES 2 - 13,8;    7,389;    7,198;;
4352; VALADARES 6 - 500;    7,357;    7,165;;
480; HENRY BORDEN - 230;    9,638;    9,774;;
3184; HALOTEK FADEL - 88;    8,805;    8,910;;
3138; CEMIRIM - 138;    8,700;    8,757;;
9129; HONDA ELK - 138;    8,547;    8,588;;
9351; HUBNER - 230;   10,074;   10,469;;
4149; INTERNATIONAL - 138;    8,693;    8,749;;
6582; IACANGA - 138;    8,402;    8,421;;
2341; IBITINGA-SE - 138;    8,425;    8,447;;
6011; IBIAPINA II – 230;    5,328;    4,869;;
6364; IBICOARA - 138;    6,920;    6,654;;
6362; IBICOARA - 230;    6,920;    6,654;;
6359; IBICOARA - 500;    6,378;    6,056;;
887; IBIPORA - 138;    9,508;    9,760;;
886; IBIPORA - 230;    9,649;    9,929;;
3199; IBIRAREMA - 88;    8,895;    9,013;;
645; IBITINGA - 138;    8,407;    8,426;;
86; IBIUNA - 345;    8,983;    9,042;;
122; IBIUNA - 500;    8,826;    8,895;;
5633; ICO - 69;    4,973;    4,497;;
5631; ICO - 230;    4,972;    4,497;;
6171; IGAPORA II - 230;    5,330;    4,896;;
6221; IGAPORA III - 230;    5,384;    4,957;;
6220; IGAPORA III - 500;    5,526;    5,123;;
10259; IGUATEMI 2 - 138;    8,942;    9,093;;
10258; IGUATEMI 2 MS - 230;    8,904;    9,048;;
9674; IJUI 1 - 23;   10,135;   10,554;;
1322; IJUI 2 - 69;   10,136;   10,556;;
1323; IJUI 2 - 230;   10,136;   10,556;;
1889; IMBIRUSSU - 230;    7,900;    7,908;;
5593; IMPERATRIZ - 69;    5,646;    5,271;;
5591; IMPERATRIZ - 230;    5,646;    5,270;;
5590; IMPERATRIZ - 500;    5,302;    4,872;;
6734; INACIO-RN230;    4,546;    4,197;;
7645; INCEFRA - 138;    8,651;    8,707;;
2780; INDAIAL - 138;   10,477;   11,010;;
10094; INDAIAL - 230;   10,476;   11,009;;
1090; INOCENCIA - 230;    6,629;    6,413;;
6561; INTEGRADORA - 230;    5,804;    5,435;;
6560; INTEGRADORA - 500;    5,438;    5,031;;
490; INTERNATIONAL 2 - 230;    9,262;    9,354;;
7833; INTERLAGOS - 138;    7,623;    7,524;;
489; INTERNATIONAL 1 - 230;    9,262;    9,354;;
488; INTERNATIONAL - 345;    9,258;    9,364;;
4171; ITIRAPINA 2 - 138;    8,550;    8,591;;
1532; IPATINGA 1 - 161;    7,592;    7,412;;
9011; IPATINGA 1 - 13,8;    7,594;    7,414;;
1535; IPATINGA 1 - 138;    7,596;    7,417;;
1530; IPATINGA I - 230;    7,594;    7,414;;
9116; UTE IPAUSSU - 88;    9,307;    9,481;;
2342; IPORA - 138;    7,904;    7,848;;
1100; ITAIPU 50 - 500;    8,983;    9,042;;
1107; ITAIPU 60 - 500;    8,849;    8,975;;
3808; IRACEMAPOLIS1 - 138;    8,655;    8,712;;
4071; IRAPE - 230;    5,215;    4,777;;
4065; IRAPE - 345;    5,422;    5,026;;
10141; IRATI NORTE - 138;    9,717;   10,009;;
10140; IRATI NORTE - 230;    9,717;   10,009;;
6343; IRECE - 69;    4,859;    4,305;;
6342; IRECE - 138;    4,859;    4,305;;
6341; IRECE - 230;    4,859;    4,305;;
1077; ILHA SOLTEIRA 2 - 230;    6,758;    6,552;;
1076; ILHA SOLTEIRA 2 - 440;    7,443;    7,311;;
647; ILHA SOLTEIRA - 138;    7,621;    7,523;;
538; ILHA SOLTEIRA - 440;    7,461;    7,331;;
10212; ITA SC - 230;    9,623;    9,914;;
995; ITA - 525;    9,505;    9,784;;
689; ITAIPAVA - 138;    8,254;    8,252;;
5713; ITABAIANA - 69;    6,160;    5,919;;
5711; ITABAIANA - 230;    6,160;    5,919;;
72; ITABERA - 765;    8,894;    8,994;;
1537; ITABIRA 2 - 69;    7,585;    7,411;;
1534; ITABIRA 2 - 230;    7,425;    7,230;;
9020; ITABIRA 2 - 13,8;    7,425;    7,230;;
9024; ITABIRA 4 - 230;    7,519;    7,340;;
4076; ITABIRA 5 - 230;    7,112;    6,888;;
4075; ITABIRA 5 - 500;    6,738;    6,481;;
9017; ITABIRITO - 345;    7,607;    7,470;;
9016; ITABIRITO - 500;    6,959;    6,737;;
5790; ITABUNA 3 - 138;    8,252;    8,073;;
5787; ITABUNA - 230;    8,309;    8,132;;
6441; ITACAIUNAS - 230;    5,687;    5,294;;
6440; ITACAIUNAS - 500;    5,365;    4,943;;
5912; ITAGIPA - 230;    7,851;    7,650;;
9441; ITAGUACU - 230;    6,524;    6,284;;
9440; ITAGUACU - 500;    7,017;    6,844;;
3147; ITAI 2 - 138;    9,953;   10,229;;
10071; ITAJAI 2 - 138;   10,194;   10,629;;
10070; ITAJAI 2 - 230;   10,012;   10,402;;
10069; ITAJAI 2 - 525;    9,809;   10,153;;
991; ITAJAI - 230;   10,145;   10,566;;
2775; ITAJAI - 138;   10,199;   10,634;;
3167; ITAJOBI 2 - 138;    8,212;    8,202;;
1503; ITAJU3-5-500;    8,210;    8,179;;
1504; ITAJUBA 3 - 138;    8,198;    8,164;;
3923; ITANHAEM 1 - 138;    9,632;    9,790;;
3938; ITANHAEM 2 - 138;    9,601;    9,751;;
3937; ITANHAEM 3 - 138;    9,678;    9,847;;
3126; ITAPETININGA1 - 138;   10,213;   10,519;;
2989; ITAPACI - 69;    7,167;    6,889;;
7070; ITAPACI--138;    7,167;    6,888;;
2988; ITAPACI - 230;    7,167;    6,888;;
741; ITAPETININGA2 - 138;   10,213;   10,519;;
3128; ITAPETININGA 4 - 138;   10,213;   10,518;;
4277; ITAPETININGA9 - 138;   10,186;   10,487;;
5970; ITAPEBI SE - 230;    8,056;    7,835;;
445; ITAPETI - 88;    9,036;    9,108;;
448; ITAPETI - 230;    9,267;    9,365;;
449; ITAPETI - 345;    9,199;    9,293;;
622; ITAPEVA - 138;   10,438;   10,792;;
621; ITARARE 2 - 138;   10,463;   10,831;;
627; ITARARE 2 - 230;   10,486;   10,868;;
6610; ITATIBA - 138;    8,667;    8,736;;
6609; ITATIBA - 500;    8,628;    8,694;;
1215; ITAUBA - 230;    9,738;   10,060;;
5963; ITABAIANINHA - 69;    7,107;    7,048;;
5961; ITBNINHA - 230;    7,107;    7,048;;
4521; ITIQUIRA - 230;    6,899;    6,846;;
225; ITUMBIARA - 230;    6,984;    6,850;;
217; ITUMBIARA - 345;    7,098;    6,934;;
210; ITUMBIARA - 500;    6,921;    6,730;;
323; ITUTINGA-SE - 138;    8,031;    7,958;;
138; ITUTINGA - 345;    8,029;    7,954;;
999; IVAIPORA E - 525;    9,035;    9,205;;
66; IVAIPORA - 525;    9,005;    9,167;;
65; IVAIPORA - 765;    8,855;    8,976;;
1093; IVINHEMA 2 - 138;    8,170;    8,175;;
1088; IVINHEMA - 230;    8,170;    8,175;;
6140; J. CAMARA III - 500;    4,701;    4,261;;
331; JUIZ DE FORA - 345;    8,155;    8,120;;
332; JUIZ DE FORA1 - 138;    8,147;    8,110;;
8512; JORG.TEIXEIRA - 138;    6,729;    6,477;;
8511; J.TEIXEIRA - 230;    6,729;    6,477;;
2125; JAU - 138;    8,775;    8,850;;
3137; ANTARTICA JAG - 138;    8,700;    8,757;;
5347; JABOATAO II - 69;    6,070;    5,772;;
5346; JABOATAO D -230;    6,070;    5,772;;
180; JACAREPAGUA - 138;    8,379;    8,349;;
5826; JACARACANGA - 69;    6,868;    6,768;;
5822; JACARACANGA - 230;    6,868;    6,768;;
144; JACAREPAGUA - 345;    8,429;    8,403;;
4643; JACIARA CMT - 138;    6,967;    6,915;;
1771; JACUACANGA - 138;    8,252;    8,208;;
1216; JACUI - 138;    9,995;   10,367;;
1220; JACUI - 23;    9,995;   10,366;;
1968; JAGUARIUNA - 138;    8,700;    8,757;;
4217; JAGUARIUNA 5 - 138;    8,700;    8,757;;
5925; JAGUARUANA - 230;    4,617;    4,233;;
5924; JAGUARUANA - 500;    4,746;    4,281;;
6321; JAGUARARI-SE - 230;    5,221;    4,821;;
330; JAGUARA-SE - 138;    7,197;    7,041;;
326; JAGUARA - 345;    7,442;    7,314;;
325; JAGUARA - 500;    7,087;    6,911;;
2423; JAGUARIAIVA - 138;   10,202;   10,555;;
827; JAGUARIAIVA - 230;   10,214;   10,571;;
4391; JAIBA - 138;    4,485;    3,975;;
3389; JAIBA - 230;    4,215;    3,958;;
649; JALES - 138;    7,629;    7,532;;
3060; JAMBEIRO - 88;    8,929;    8,991;;
4312; JANAUBA 3 - 138;    4,888;    4,430;;
4350; JANAUBA 3 - 500;    5,451;    5,034;;
4311; JANAUBA 3 - 230;    4,684;    4,204;;
8240; JANDAIA CE - 230;    4,677;    4,297;;
588; JANDIRA - 88;    9,182;    9,279;;
586; JANDIRA - 440;    9,182;    9,279;;
2783; JARAGUA DO SUL - 138;   10,238;   10,693;;
5723; JARDIM SE - 69;    6,074;    5,806;;
5721; JARDIM SE - 230;    6,074;    5,806;;
5720; JARDIM - 500;    5,731;    5,409;;
3858; JARINU 1 - 138;    8,893;    8,966;;
10087; JARAGUA DO SUL - 230;   10,281;   10,749;;
6869; JARU - 138;    7,583;    7,350;;
6871; JARU - 69;    7,583;    7,350;;
6870; JARU - 230;    7,583;    7,350;;
1084; JATAI - 230;    6,720;    6,542;;
4807; JAURU - 138;    6,941;    6,855;;
4862; JAURU - 230;    6,940;    6,854;;
4700; JAURU - 500;    7,026;    6,962;;
7800; J BONIFACIO 2 - 138;    7,986;    7,941;;
10256; J. BOTANICO 1 - 230;   10,666;   11,161;;
10257; J. BOTANICO 2 - 230;   10,806;   11,327;;
7616; JBS ANDRADINA - 138;    7,658;    7,564;;
6141; J. CAMARA II - 230;    4,664;    4,261;;
5128; J. CAMARA III - 230;    4,654;    4,245;;
9013; JECEABA - 345;    7,756;    7,640;;
7280; JEREMOABO - 500;    5,492;    5,133;;
6842; JI PARANA - 69;    7,477;    7,260;;
6841; JI PARANA - 138;    7,477;    7,260;;
6840; JI PARANA - 230;    7,477;    7,260;;
7051; UHE JIRAU - 500 (Back-to-back);    5,077;    4,431;;
7061; UHE JIRAU - 500;    4,172;    3,958;;
1008; U.JLACERDA-A - 69;   10,045;   10,437;;
1007; U.JLACERDA-A - 138;   10,063;   10,458;;
1006; JORGE LACERDA A - 230;   10,009;   10,390;;
1010; JORGE LACERDA B - 230;    9,963;   10,342;;
1011; JORGE LACERDA C - 230;    9,963;   10,342;;
4326; J. MONLEVADE 4 - 69;    7,696;    7,536;;
3036; JOAO NEIVA 2 - 138;    7,523;    7,339;;
3035; J.NEIVA 2 - 345;    7,488;    7,298;;
3034; J.NEIVA 2 - 500;    6,973;    6,733;;
5333; JOAIRAM - 69;    6,185;    5,930;;
5331; JOAIRAM - 230;    6,185;    5,930;;
2724; JOINV.NORTE - 138;   10,422;   10,922;;
1020; JOINV. NOR - 230;   10,452;   10,964;;
1017; JOINVILLE - 69;   10,424;   10,924;;
1016; JOINVILLE - 138;   10,399;   10,893;;
1015; JOINVILLE - 230;   10,491;   11,007;;
10057; JOINVILLE SUL - 138;   10,172;   10,611;;
10056; JOINVILLE SUL - 230;   10,190;   10,633;;
10055; JOINVILLE SUL - 525;    9,696;   10,011;;
5836; JOAO PESSOA II - 500;    5,113;    4,665;;
5838; JOAO PESSOA 2 - 69;    5,938;    5,639;;
5837; JOAO PESSOA II - 230;    5,938;    5,639;;
6313; JUAZEIRO II - 69;    5,032;    4,645;;
6311; JUAZEIRO II - 230;    5,032;    4,645;;
6501; JUAZEIRO III - 230;    5,114;    4,720;;
6500; JUAZEIRO III - 500;    5,062;    4,611;;
6503; JUAZEIRO III - 69;    5,114;    4,720;;
4870; JUBA - 138;    6,824;    6,759;;
4869; JUBA - 230;    6,824;    6,759;;
4895; JUINA - 138;    6,613;    6,578;;
4894; JUINA - 230;    6,559;    6,522;;
7643; JUNQUEIROPOLIS - 138;    7,930;    7,885;;
541; JUPIA - 138;    7,667;    7,578;;
539; JUPIA - 440;    7,673;    7,583;;
3077; JUQUEHY - 138;    9,134;    9,222;;
3925; JUQUIA - 138;    9,954;   10,188;;
618; JURUMIRIM - 230;    9,697;    9,936;;
8255; JURUPARI - 69;    5,406;    4,982;;
8250; JURUPARI-230;    5,406;    4,982;;
8200; JURUPARI-500;    5,442;    5,029;;
8322; JURUTI - 138;    5,866;    5,498;;
8321; JURUTI - 230;    5,866;    5,498;;
4333; PRES. JUSCELINO - 345;    6,864;    6,624;;
4332; PRES. JUSCELINO - 500;    6,380;    6,086;;
3425; KARINA - 138;    8,656;    8,712;;
9988; KLABIN - 230;    9,978;   10,296;;
5050; LUIS GONZAGA - 500;    5,249;    4,841;;
337; LAFAIETE 1 - 138;    7,865;    7,770;;
336; LAFAIETE - 345;    7,967;    7,887;;
9594; L.GRANDE - 138;    9,857;   10,225;;
2805; LAGES - 138;   10,000;   10,393;;
950; LAGES----230;   10,033;   10,436;;
9505; LAGOS - 138;    7,836;    7,707;;
9506; LAGOS - 345;    7,818;    7,685;;
9509; LAGOS - 500;    7,910;    7,813;;
2081; LAJEADO 2 - 69;   10,724;   11,209;;
1218; LAJEADO 2 - 230;   10,724;   11,209;;
7207; LAJEADO - 230;    5,180;    4,766;;
7204; LAJEADO - 500;    5,347;    4,944;;
1163; LAJEADO GRANDE - 230;    9,857;   10,225;;
8271; LARANJAL - 69;    5,372;    4,937;;
8270; LARANJAL - 230;    5,372;    4,936;;
5037; LAGOA BARRO - 230;    4,824;    4,325;;
6664; LDOCARRO-069;    5,719;    5,354;;
6663; LAGOA DO CARRO - 230;    5,719;    5,354;;
134; L.C.BARRETO - 345;    7,555;    7,440;;
8751; LECHUGA - 138;    6,625;    6,362;;
8700; LECHUGA - 230;    6,615;    6,351;;
8500; LECHUGA - 500;    6,109;    5,780;;
3809; LEME 1 - 138;    8,561;    8,603;;
7625; LEME 2 - 138;    8,553;    8,593;;
465; LESTE - 88;    9,284;    9,369;;
464; LESTE - 345;    9,284;    9,369;;
5422; LIBRA - 230;    4,788;    4,425;;
692; LIMEIRA I - 138;    8,658;    8,714;;
3834; AJINOMOTO INT - 138;    8,678;    8,742;;
3835; CONPACEL - 138;    8,677;    8,741;;
3811; LIMEIRA 2 - 138;    8,678;    8,742;;
3812; LIMEIRA 3 - 138;    8,664;    8,724;;
3813; LIMEIRA 4 - 138;    8,661;    8,719;;
3024; LINHARES - 138;    7,607;    7,432;;
3022; LINHARES 2 - 230;    7,606;    7,429;;
9203; LIVRAMENTO 2 - 13,8;    9,796;   10,222;;
9204; LIVRAMENTO 2 - 69;    9,796;   10,222;;
1230; LIVRAMENTO 2 - 230;    9,796;   10,222;;
2080; LIVRAMENTO 3 - 230;    9,729;   10,148;;
5071; LAGOA NOVA II - 230;    4,429;    4,115;;
1028; LONDRIN E - 230;    9,200;    9,398;;
889; LONDRC-PR230;    9,369;    9,593;;
890; LONDRINA COT - 138;    9,434;    9,672;;
1027; LONDRINA - 525;    8,797;    8,923;;
10002; LONDRINA SUL - 138;    9,408;    9,644;;
3384; LORENA SP - 230;    8,610;    8,628;;
3383; LORENA SP - 500;    8,351;    8,339;;
3926; LARANJAL PAUL - 138;    9,812;   10,047;;
4575; LUCAS R.VERDE - 138;    7,133;    7,235;;
4573; L. DO RIO VERDE - 230;    7,133;    7,235;;
3950; LUK - 138;    8,733;    8,792;;
3025; LUZIANIA - 138;    6,491;    6,225;;
3007; LUZIANIA - 500;    6,413;    6,135;;
1326; L.VERMELHA 2 - 138;    9,952;   10,234;;
1325; L.VERMELHA - 230;    9,952;   10,234;;
9782; LAJEADO 3 - 69;   10,636;   11,102;;
9783; LAJEADO 3 - 230;   10,636;   11,102;;
6291; MORRO DO CHAPEU II - 230;    5,168;    4,699;;
6290; MORRO DO CHAPEU II - 500;    5,320;    4,881;;
496; M. FORNASARO - 88;    9,313;    9,422;;
495; M. FORNASARO - 345;    9,313;    9,423;;
187; M. MORAES - 138;    7,720;    7,633;;
131; MASCARENHAS DE MORAES - 345;    7,715;    7,625;;
418; MANOEL DA NOBREGA - 88;    9,634;    9,772;;
416; MANOEL NOBREGA - 230;    9,677;    9,820;;
438; REALEZA - 345;    9,530;    9,662;;
530; M.RONDON SP - 440;    7,716;    7,634;;
8145; MONTE VERDE - 500;    4,685;    4,243;;
3966; MACAE MERCHAN - 345;    7,664;    7,508;;
9970; MACAMBARA 3 - 230;    9,818;   10,263;;
1235; MACAMBARA - 69;    9,844;   10,304;;
1225; MACAMBARA - 230;    9,844;   10,304;;
8281; MACAPA - 69;    5,472;    5,037;;
8280; MACAPA - 230;    5,472;    5,037;;
5314; MACEIO II - 69;    6,564;    6,377;;
5312; MACEIO II - 230;    6,564;    6,377;;
5313; MACEIO - 69;    6,648;    6,480;;
5311; MACEIO - 230;    6,648;    6,480;;
1030; MACHADINHO - 525;    9,559;    9,848;;
3111; MORRO AGUDO - 138;    7,814;    7,753;;
3110; M. AGUDO - 00;    7,773;    7,709;;
694; MAIRIPORA - 138;    8,990;    9,070;;
7409; M A DE MINAS 2 -138;    7,153;    6,995;;
7408; M.ALEGRE 2 - 345;    7,153;    6,995;;
3066; MANAH - 138;    9,398;    9,511;;
8523; MANAUS - 69;    6,885;    6,671;;
8521; MANAUS - 230;    6,885;    6,671;;
4592; MANSO - 230;    7,020;    7,004;;
3046; MANUEL AREIAS - 138;    9,019;    9,102;;
6403; MARABA - 69;    5,723;    5,342;;
6401; MARABA - 230;    5,723;    5,342;;
6400; MARABA - 500;    5,337;    4,910;;
5083; MARACANAU - 69;    5,392;    4,972;;
5081; MARACANAU - 230;    5,392;    4,972;;
44609; MARANGATU - 230;    5,402;    4,950;;
3055; MARESIAS - 138;    9,099;    9,184;;
1103; MARGEM PR - 500;    8,983;    9,042;;
4598; MARIMBII-500;    7,519;    7,433;;
213; MARIMBONDO - 345;    7,403;    7,282;;
100; MARIMBONDO - 500;    7,472;    7,378;;
869; MARINGA - 138;    9,406;    9,667;;
868; MARINGA - 230;    9,508;    9,793;;
6662; MARITUBA - 69;    6,415;    6,103;;
6661; MARITUBA - 230;    6,415;    6,103;;
6660; MARITUBA - 500;    5,806;    5,422;;
9820; MARMELEIRO 2 - 525;    9,721;   10,048;;
7604; MASTERFOODS - 138;    8,730;    8,789;;
3173; MARTINOPOLIS - 88;    8,268;    8,283;;
2655; MASCARENHAS - 138;    7,475;    7,294;;
2654; MASCARENHAS - 230;    7,411;    7,227;;
3090; MASSAGUACU - 138;    9,020;    9,094;;
5856; MATATU - 69;    7,291;    7,281;;
5852; MATATU - 230;    7,291;    7,281;;
8532; MAUA III - 138;    6,767;    6,518;;
8531; MAUA 3 - 230;    6,774;    6,525;;
981; MAUA - 230;    9,723;    9,986;;
342; MONTESCLAROS2 - 138;    5,664;    5,295;;
341; MONTES CLAROS - 345;    5,769;    5,411;;
963; MONTE CLARO - 230;    9,890;   10,248;;
850; MEDIANEIRA - 138;   10,089;   10,462;;
10005; MEDIANEIRA - 230;   10,093;   10,468;;
7279; MENDUBIM - 230;    4,500;    4,137;;
345; MESQUITA - 230;    7,416;    7,222;;
344; MESQUITA - 500;    6,970;    6,736;;
5300; MESSIAS - 500;    5,972;    5,680;;
3082; MASTERFOODS - 88;    9,168;    9,250;;
3823; ENERGYWORKS - 138;    8,677;    8,729;;
3815; MAHLE ELK - 138;    8,661;    8,710;;
3816; MOGI GUACU I - 138;    8,693;    8,749;;
3817; MOGI GUACU 2 - 138;    8,683;    8,737;;
5413; MILAGRES - 69;    4,946;    4,475;;
5411; MILAGRES II - 230;    4,946;    4,475;;
5408; MILAGRES 500;    4,854;    4,364;;
3893; MIRANDOPOLIS1 - 138;    7,764;    7,687;;
3936; MIRACATU - 138;    9,886;   10,103;;
7205; MIRACEMA - 13,8;    5,396;    5,010;;
7200; MIRACEMA - 500;    5,364;    4,961;;
7202; MIRACEMA - 138;    5,394;    5,007;;
6713; MIRAMAR - 69;    6,586;    6,295;;
6710; MIRAMAR--230;    6,586;    6,295;;
5543; MIRANDA II - 69;    5,743;    5,337;;
5542; MIRANDA II - 138;    5,743;    5,337;;
5541; MIRANDA - 230;    5,743;    5,337;;
5540; MIRANDA II - 500;    5,333;    4,892;;
596; MIRASSOL II - 138;    7,980;    7,935;;
572; MIRASSOL II - 440;    7,995;    7,952;;
5193; MIRUEIRA - 69;    6,366;    6,115;;
5191; MIRUEIRA - 230;    6,366;    6,115;;
2079; MISSOES - 69;    9,771;   10,223;;
2078; MISSOES - 230;    9,773;   10,226;;
5380; MILAGRE 2 - 500;    4,800;    4,300;;
8392; MLGICO CE - 230;    4,923;    4,444;;
565; M. MIRIM 3 - 440;    8,748;    8,812;;
696; MOGI MIRIM II - 138;    8,703;    8,760;;
3818; MOGI MIRIM 1 - 138;    8,702;    8,759;;
161; MOGI FCE - 230;    9,337;    9,449;;
3130; MOCOCA - 138;    8,417;    8,434;;
6601; MOCOCA 4 - 138;    8,461;    8,484;;
4141; GUARIROBA 1 - 138;    7,657;    7,564;;
447; MOGI - 88;    9,492;    9,636;;
446; MOGI EP - 230;    9,492;    9,636;;
129; MOGI - 345;    9,210;    9,306;;
744; MONGAGUA - 138;    9,553;    9,693;;
1520; MONLEVADE 2 - 230;    8,037;    7,930;;
4331; MONLEVADE 4 - 230;    7,804;    7,658;;
6567; ONCA PUMA - 138;    6,720;    6,432;;
6565; ONCA PUMA - 230;    6,720;    6,432;;
5441; MOSSORO II - 230;    4,467;    4,182;;
6091; MOSSORO IV - 230;    4,546;    4,197;;
6255; MOXOTO - 69;    5,176;    4,794;;
3440; MIGUEL REALE - 20;    9,530;    9,662;;
441; MIGUEL REALE - 88;    9,530;    9,662;;
5343; MIRUEIRA II - 69;    5,796;    5,451;;
5341; MRRII----230;    5,796;    5,451;;
5545; MIRANDA II - 13,8;    5,743;    5,337;;
5443; MOSSORO II - 69;    4,467;    4,182;;
5301; MESSIAS - 230;    6,503;    6,302;;
5302; MESSIAS 2 - 230;    6,503;    6,303;;
5132; MATA NORTE - 69;    5,742;    5,392;;
5863; MATATU - 11,9;    7,291;    7,281;;
1770; MURIQUI - 138;    8,284;    8,243;;
5213; MUSSURE II - 69;    6,151;    5,910;;
5211; MUSSURE II - 230;    6,151;    5,910;;
4353; MUTUM MG - 500;    7,483;    7,312;;
5029; MOXOTO - 230;    5,125;    4,725;;
4236; N.AVANHANDAVA - 13,8;    7,998;    7,954;;
1545; NOVA ERA II - 230;    7,457;    7,260;;
9609; N.IGUACU - 345;    8,326;    8,283;;
9608; N.IGUACU - 500;    8,265;    8,224;;
4554; NOVA MUTUM - 69;    6,847;    6,870;;
4552; NOVA MUTUM - 230;    6,852;    6,883;;
251; NILO PECANHA - 138;    8,280;    8,243;;
252; N.PECANH-230;    8,345;    8,311;;
788; N.TOCA GO - 230;    6,082;    5,724;;
5981; NARANDIBA - 230;    7,291;    7,275;;
5243; NATAL II - 69;    5,208;    4,760;;
5241; NATAL II - 230;    5,208;    4,760;;
5246; NATAL III - 69;    5,160;    4,703;;
5245; NATAL III - 230;    5,160;    4,703;;
5983; NARANDIBA - 69;    7,291;    7,275;;
350; NEVES - 345;    7,135;    6,929;;
349; NEVES - 500;    6,879;    6,644;;
353; NEVES 1 - 138;    6,898;    6,665;;
4325; NOVA IGUACU - 138;    8,278;    8,239;;
3762; NIQUELANDIA - 69;    6,082;    5,724;;
787; NIQUELANDIA - 230;    6,082;    5,724;;
9015; NOVA LIMA 6 - 345;    7,509;    7,350;;
6863; JIRAU - 69;    7,124;    6,750;;
6862; NMPARANA-230;    7,124;    6,750;;
4544; NOBRES - 138;    7,016;    6,993;;
4542; NOBRES - 230;    7,020;    7,004;;
6743; NOVA OLINDA - 500;    5,023;    4,565;;
443; NORDESTE - 88;    9,314;    9,422;;
442; NORDESTE - 345;    9,314;    9,422;;
5212; NORFIL - 230;    6,248;    6,093;;
435; NORTE - 345;    9,186;    9,285;;
436; NORTE - 88;    9,186;    9,285;;
9548; N.PETROPOLIS2 - 69;   10,156;   10,553;;
9547; NOVA PETROPOLIS 2 - 230;   10,156;   10,553;;
7407; NOVA PONTE - 345;    6,813;    6,610;;
360; NOVA PONTE - 500;    6,954;    6,759;;
9544; NOVA P.PRIMAVERA - 440;    7,846;    7,788;;
545; NOVA P.PRIMAVERA - 230;    8,129;    8,129;;
1226; NOVA PRATA 2 - 69;   10,276;   10,672;;
1228; NOVA PRATA 2 - 230;   10,276;   10,672;;
980; N.S. RITA - 230;   10,172;   10,576;;
979; N.S. RITA - 525;    9,877;   10,226;;
5743; N.S.SOCORRO - 69;    6,133;    5,874;;
5741; N.S.SOCORRO - 230;    6,133;    5,874;;
3174; OSVALDO CRUZ - 138;    7,940;    7,893;;
415; OESTE - 88;    9,038;    9,122;;
414; OESTE - 440;    9,038;    9,122;;
3076; OLARIA - 138;    9,050;    9,128;;
5735; OLINDINA - 13,8;    6,597;    6,558;;
6797; OLINDINA - 69;    6,587;    6,516;;
5740; OLINDINA - 500;    5,713;    5,398;;
386; OURO PRETO 2 - 138;    7,238;    7,051;;
384; OURO PRETO 2 - 500;    6,999;    6,781;;
385; OURO PRETO 2 - 345;    7,471;    7,311;;
2291; AJINOMOTO VAL - 138;    7,850;    7,788;;
8311; ORIXIMINA - 230;    5,782;    5,407;;
8351; ORIXIMINA - 138;    5,703;    5,322;;
8300; ORIXIMINA - 500;    5,703;    5,322;;
1232; OSORIO 2 - 69;   10,284;   10,687;;
1231; OSORIO 2 - 230;   10,284;   10,687;;
9901; OSORIO 3 - 230;   10,175;   10,558;;
3148; OURINHOS 1 - 88;    9,232;    9,400;;
3140; OURINHOS 2 - 88;    9,254;    9,424;;
6071; OUROLANDIA II - 230;    4,888;    4,387;;
6070; OUROLANDIA II - 500;    5,061;    4,592;;
5001; PAULO AFONSO - 500;    5,348;    4,960;;
6821; PIMENTA BUENO - 138;    7,378;    7,180;;
6820; P.BUENO - 230;    7,378;    7,180;;
170; POCOS CALDAS - 138;    8,471;    8,478;;
120; P.CALDAS - 345;    8,449;    8,451;;
102; P.CALDAS - 500;    7,999;    7,956;;
216; P.COLOMBIA - 345;    7,338;    7,201;;
3894; PALMEIRA OES - 138;    7,627;    7,530;;
5583; P.DUTRA - 69;    5,943;    5,576;;
5581; P.DUTRA - 230;    5,943;    5,576;;
5580; P.DUTRA - 500;    5,250;    4,802;;
5183; PAU FERRO - 69;    5,742;    5,392;;
5181; PAU FERRO - 230;    5,742;    5,392;;
5180; P. FERRO - 500;    5,360;    4,951;;
3338; PADRE FIALHO - 138;    7,717;    7,573;;
3344; P.FIALHO - 345;    7,726;    7,581;;
8544; PR.FIGUEIREDO - 13,8;    6,457;    6,173;;
8541; P.FIGUEIREDO - 230;    6,457;    6,173;;
5603; PORTO FRANCO - 69;    6,267;    6,026;;
5602; PORTO FRANCO - 138;    6,191;    5,936;;
5601; P.FRANCO - 230;    6,267;    6,026;;
3059; PORTO NOVO - 138;    9,037;    9,114;;
6901; PORTO VELHO - 69;    6,968;    6,579;;
6900; PORTO VELHO - 230;    6,987;    6,601;;
5855; PACATUBA - 69;    5,038;    4,550;;
5853; PACABA CE - 230;    5,038;    4,550;;
5841; PACABA CE - 500;    4,924;    4,428;;
5003; PAULO AFONSO 1 - 230;    5,125;    4,725;;
5004; PAULO AFONSO 2 - 230;    5,315;    4,961;;
9247; JARDIM BOTANICO - 69;   10,759;   11,269;;
9246; PORTOALEGRE13 - 13,8;   10,866;   11,358;;
9245; PORTOALEGRE10 - 13,8;   10,824;   11,347;;
9262; PORTO ALEGRE 12 - 230;   10,764;   11,278;;
9234; PORTO ALEGRE 1 - 69;   10,602;   11,090;;
9243; PORTOALEGRE 4 - 13,8;   10,717;   11,226;;
9961; PORTO ALEGRE 1 - 230;   10,700;   11,206;;
9244; PORTOALEGRE6 - 13,8;   10,689;   11,172;;
1352; PORTO ALEGRE9 - 13,8;   10,476;   10,940;;
1269; PORTOALEGRE10 - 69;   10,769;   11,279;;
1268; PORTO ALEGRE 10 - 230;   10,824;   11,347;;
1270; PORTO ALEGRE 13 - 230;   10,866;   11,358;;
1259; PORTO ALEGRE 4 - 230;   10,717;   11,226;;
1262; PORTOALEGRE6 - 69;   10,742;   11,245;;
1263; PORTO ALEGRE 6 - 230;   10,689;   11,172;;
1271; PORTO ALEGRE8 - 69;   10,553;   11,030;;
1264; PORTO ALEGRE 8 - 230;   10,567;   11,047;;
1266; PORTO ALEGRE9 - 69;   10,536;   11,011;;
1267; PORTO ALEGRE 9 - 230;   10,476;   10,940;;
1035; PALHOCA ESU - 138;   10,397;   10,863;;
1032; PALH-F-SC230;   10,293;   10,736;;
1034; PALHOCA--230;   10,460;   10,940;;
7222; PALMAS - 138;    5,406;    5,059;;
7221; PALMAS - 230;    5,410;    5,075;;
2991; PALMEIRAS - 69;    7,050;    6,974;;
2990; PALMEIRAS - 230;    7,050;    6,974;;
3198; PALMITAL - 88;    8,816;    8,922;;
997; PAMPAS RS - 525;    9,929;   10,284;;
1333; PANAMBI – 13,8;   10,114;   10,521;;
4066; PARACATU 4 - 138;    6,491;    6,230;;
3008; PARACATU 4 - 500;    6,493;    6,231;;
3194; PAR.PAULISTA2 - 88;    8,618;    8,693;;
3863; PARAIBUNA - 88;    8,962;    9,028;;
5254; PARAISO RN - 230;    4,846;    4,438;;
4978; PARANAITA - 138;    6,575;    6,492;;
2950; PARANAIBA - 69;    7,116;    6,995;;
2978; PARANAIBA - 230;    7,116;    6,995;;
10399; PARANA MS - 230;    6,629;    6,413;;
667; N.PARA PTA - 230;    8,685;    8,770;;
4874; PARECIS - 138;    6,350;    6,276;;
4448; PARECIS--230;    6,350;    6,276;;
3739; PARELHEIROS - 138;    9,308;    9,419;;
8332; PARINTINS - 138;    5,920;    5,554;;
8331; PARINTINS - 230;    5,920;    5,554;;
4494; PARANAITA - 500;    6,171;    5,975;;
4565; PARTINGA - 500;    6,672;    6,532;;
4599; PARTINGA - 230;    7,409;    7,375;;
3895; PEREIRA BARR. - 138;    7,626;    7,528;;
853; PATO BRANCO - 138;    9,624;    9,870;;
852; P.BRANCO - 230;    9,612;    9,857;;
3112; P. COLOMBIA - 138;    7,465;    7,347;;
5371; PECEM II - 230;    4,823;    4,308;;
5370; PECEM II - 500;    4,945;    4,450;;
3135; ETU PEDREIRA - 138;    8,700;    8,757;;
7113; PEIXE 2 - 500;    5,703;    5,345;;
7112; PEIXE - 500;    5,703;    5,344;;
1240; PELOTAS3 - 138;   10,068;   10,445;;
1236; PELOTA-3-230;   10,090;   10,472;;
2345; PENAPOLIS - 138;    8,059;    8,025;;
654; PENAPOLIS 1 - 138;    8,049;    8,013;;
5293; PENEDO - 69;    7,098;    7,005;;
5291; PENEDO - 230;    7,098;    7,005;;
5533; PERITORO - 69;    6,452;    6,137;;
5531; PERITORO-230;    6,452;    6,137;;
9350; PEROXIDOS - 230;   10,074;   10,469;;
746; PERUIBE - 138;    9,724;    9,904;;
1592; PORTO ESTRELA - 230;    7,432;    7,228;;
3069; RIO PARDO - 138;    9,058;    9,140;;
3048; PETROM - 138;    9,051;    9,135;;
4613; PETROVINA - 138;    6,907;    6,854;;
699; P.FERREIRA - 138;    8,435;    8,459;;
2383; POSTO FISCAL - 138;   11,006;   11,476;;
2459; POSTO FISCAL - 230;   11,107;   11,596;;
1042; U.PASSO FUNDO - 138;    9,733;    9,963;;
1041; PASSO FUNDO - 230;    9,733;    9,963;;
9329; PONTA G NORTE - 13,8;   10,285;   10,604;;
9328; PONTA G NORTE - 34,5;   10,285;   10,604;;
10009; PONTA GROSSA PR - 230;    9,584;    9,852;;
10008; PONTA GROSSA PR - 525;    9,309;    9,536;;
9326; PONTA G SUL - 13,8;   10,368;   10,723;;
9325; PONTA G SUL - 34,5;   10,368;   10,723;;
830; PONTA G NORTE - 138;   10,253;   10,582;;
829; P.GROSSA N - 230;   10,285;   10,604;;
2437; PONTA G SUL - 138;   10,296;   10,641;;
831; P. GROSSA PR - 230;   10,368;   10,723;;
5643; PICI II - 69;    5,509;    5,101;;
5641; PICI - 230;    5,509;    5,101;;
5673; PICOS - 69;    4,715;    4,186;;
5671; PICOS - 230;    4,715;    4,186;;
2387; PILARZINHO - 69;   10,253;   10,681;;
819; PILARZINHO - 230;   10,172;   10,602;;
5249; PILOES - 138;    5,089;    4,623;;
368; PIMENTA - 138;    7,664;    7,544;;
367; PIMENTA - 345;    7,725;    7,614;;
6225; PINDAI II - 230;    5,355;    4,921;;
9841; PINHALZINHO 2 - 138;    9,682;    9,976;;
9840; PINHALZINHO 2 - 230;    9,695;    9,995;;
2314; PINHAL - 138;    8,623;    8,664;;
3839; PIONEIROS-ELK - 138;    7,625;    7,527;;
3836; PETROBRAS ELK - 138;    8,471;    8,500;;
486; PIRATININGA 2 - 88;    9,307;    9,419;;
3821; PIRASSUNUNGA2 - 138;    8,439;    8,463;;
577; PIRACICABA - 138;    8,523;    8,581;;
573; PIRACICABA - 440;    8,533;    8,594;;
5833; PIRAJA - 69;    6,835;    6,739;;
5832; PIRAJA - 230;    6,835;    6,739;;
641; PIRAJU - 230;    9,452;    9,655;;
1569; PIRAPORA 2 - 138;    6,066;    5,747;;
4051; PIRAPORA II - 345;    6,098;    5,781;;
4049; PIRAPORA 2 - 500;    6,355;    6,065;;
5133; PIRAPAMA II - 69;    6,000;    5,688;;
5131; PIRAPAMA II - 230;    6,000;    5,688;;
3896; PIRAPOZINHO 1 - 138;    8,101;    8,089;;
3820; PIRASSUNUNGA1 - 138;    8,500;    8,534;;
487; PIRATININGA 2 - 345;    9,307;    9,419;;
485; PIRATININGA - 88;    9,260;    9,343;;
484; PIRATININGA - 230;    9,260;    9,343;;
3724; PIRINEUS CELG - 138;    7,527;    7,457;;
3723; PIRINEUS - 230;    7,514;    7,442;;
3518; PIRINEUS - 345;    6,998;    6,815;;
5493; PIRIPIRI - 69;    5,455;    5,009;;
5492; PIRIPIRI - 138;    5,455;    5,009;;
5491; PIRIPIRI-230;    5,455;    5,009;;
422; PIRITUBA - 88;    9,790;   10,000;;
421; PIRITUBA - 230;    9,790;   10,000;;
7184; PITOMBEIRA - 230;    4,677;    4,297;;
5843; PITUACU - 69;    7,123;    7,074;;
5842; PITUACU - 230;    7,123;    7,074;;
790; PLANALTO-230;    7,269;    7,168;;
2951; PLANALTO - 69;    7,269;    7,168;;
1238; P.MEDICI - 138;    9,772;   10,097;;
1239; P.MEDICI - 230;    9,651;    9,954;;
5737; PARNAIBA III - 138;    5,086;    4,599;;
5734; PNBIII PI - 230;    5,086;    4,599;;
5679; PNBIII-PI500;    5,186;    4,722;;
5292; POCIII-BA230;    7,343;    7,104;;
5862; POÇÔES II - 138;    7,384;    7,147;;
5861; POCOES - 230;    7,384;    7,147;;
5860; POCOES II - 500;    6,845;    6,582;;
3047; POLIMIX - 138;    9,024;    9,107;;
5763; POLO - 69;    6,942;    6,850;;
5761; POLO - 230;    6,942;    6,850;;
9865; PONTAL - 230;   10,595;   11,053;;
9819; POVO NOVO - 230;    9,927;   10,282;;
9818; POVO NOVO - 525;    9,822;   10,163;;
4351; PPARA2 MG - 500;    7,160;    6,941;;
2077; P.PETROQUIMIC - 69;   10,303;   10,728;;
1204; P.PETROQUIMIC - 230;   10,294;   10,716;;
658; P. PRIMAVERA - 138;    8,133;    8,130;;
544; P. PRIMAVERA - 440;    7,688;    7,599;;
659; P. PRUDENTE 2 - 138;    8,107;    8,095;;
791; PARQUE EMAS - 138;    7,020;    6,972;;
1243; PASSO REAL - 230;    9,996;   10,360;;
3418; PROCTER GAMBL - 138;    8,877;    8,950;;
661; PROMISSAO - 138;    8,102;    8,074;;
5535; PERITORO - 13,8;    6,452;    6,137;;
3171; PRE.PRUDENTE1 - 88;    8,168;    8,167;;
3172; PRE.PRUDENTE4 - 138;    8,107;    8,095;;
3178; PRE.PRUDENTE5 - 138;    8,095;    8,081;;
3176; PRE.VENCESLAU - 138;    7,984;    7,950;;
10004; PARANAVAI NORTE - 138;    9,360;    9,611;;
10003; PARANAVAI NORTE - 230;    9,349;    9,600;;
2182; QUIMICA AMPAR - 138;    8,815;    8,881;;
9521; QUATA II - 88;    8,512;    8,569;;
5325; QUEIMADA NOVA II - 500;    4,839;    4,351;;
1245; QUINTA - 69;    9,988;   10,348;;
1247; QUINTA - 138;   10,004;   10,367;;
1246; QUINTA---230;    9,988;   10,348;;
9450; QUIRINOPOLIS - 230;    6,285;    6,013;;
5428; QUIXADA--500;    4,820;    4,314;;
5337; QUIXERE - 230;    4,508;    4,203;;
6952; RIO BRANCO 1 - 69;    7,667;    7,348;;
6951; RIO BRANCO 1 – 138;    7,667;    7,348;;
6950; R.BRANCO - 230;    7,667;    7,348;;
3701; RIO CLARO - 138;    7,023;    6,975;;
8171; RIO DAS EGUAS - 230;    5,606;    5,294;;
6444; RIO DAS EGUAS - 500;    5,492;    5,112;;
8173; RIO FORMOSO 2 - 138;    5,645;    5,357;;
8172; RIO FORMOSO II -230;    5,645;    5,357;;
5111; RIO LARGO II - 230;    7,142;    7,024;;
5113; RIO LARGO II - 69;    7,142;    7,024;;
3033; RIO NOVO SUL - 138;    7,633;    7,474;;
3032; RIO NOVO SUL - 345;    7,626;    7,466;;
3011; RIBPRETO-500;    7,872;    7,815;;
7647; RUY ROCHA -138;    8,651;    8,707;;
238; RIO VERDE FUR - 138;    6,982;    6,904;;
231; R.VERDE - 230;    7,015;    6,940;;
466; RAM REBERT F - 345;    9,314;    9,399;;
467; RAM REBERT F - 88;    9,314;    9,399;;
3196; RANCHARIA - 88;    8,416;    8,456;;
3700; RIO DOS BOIS - 138;    6,808;    6,691;;
1087; RIO BRILHANTE - 230;    8,045;    8,047;;
701; RIO CLARO-I - 138;    8,647;    8,701;;
3501; RIO CLARO 2 - 230;    7,039;    7,002;;
3825; RIO CLARO 2 - 138;    8,616;    8,666;;
3826; RIO CLARO 3 - 138;    8,650;    8,705;;
855; REALEZA - 138;    9,648;    9,924;;
9890; REALEZA - 230;    9,677;    9,960;;
5140; RECIFE II - 500;    5,710;    5,361;;
747; REGISTRO - 138;   10,076;   10,338;;
9399; REPAR - 230;   10,154;   10,547;;
413; REPLAN - 440;    8,815;    8,884;;
1780; RESENDE - 138;    8,256;    8,228;;
87; RESENDE - 500;    8,247;    8,223;;
9303; RESTINGA - 69;   10,903;   11,391;;
9302; RESTINGA-230;   10,903;   11,391;;
5432; RIB.GONCALVES - 69;    5,132;    4,702;;
5430; RIB.GONCALVES - 230;    5,132;    4,702;;
5436; RIB.GONCALVES - 500;    5,152;    4,713;;
6146; RIACHAO II - 230;    5,043;    4,600;;
4518; RIBEIRAO-230;    7,050;    6,985;;
4517; RIBEIRAO-500;    6,927;    6,812;;
5283; RIBEIRAO - 69;    6,394;    6,067;;
5281; RIBEIRAO 230;    6,394;    6,067;;
564; RIBEIRAOPRETO - 138;    8,092;    8,070;;
563; RIBEIRAO PRETO - 440;    8,083;    8,061;;
5958; RIO ALTO PB - 230;    5,199;    4,790;;
6317; RIO GRANDE II - 138;    5,634;    6,036;;
6316; RIO GRANDE - 230;    5,648;    6,084;;
2847; RIO DO SUL - 138;   10,425;   10,941;;
949; RIO DO SUL - 230;   10,418;   10,933;;
3061; RIO NOVO SUL - 500;    7,592;    7,430;;
4623; RONDONOPOLIS1 - 138;    6,905;    6,852;;
4522; RONDONOPOLIS - 230;    6,899;    6,846;;
546; ROSANA - 138;    8,133;    8,130;;
423; ROSANA SP - 230;    8,161;    8,164;;
6541; RUROPOLIS - 230;    9,671;    9,737;;
6543; RUROPOLIS - 13,8;    9,608;    9,667;;
6542; RUROPOLIS - 138;    9,611;    9,672;;
5433; RUSSAS II - 69;    4,677;    4,297;;
5431; RUSSAS II - 230;    4,677;    4,297;;
7079; R. VERDE GO - 230;    7,100;    6,982;;
9126; RIO VERMELHO - 138;    7,919;    7,872;;
4531; R.VERDE NORTE - 500;    7,143;    7,031;;
9993; RATONES - 138;   10,431;   10,899;;
9992; RATONES - 230;   10,367;   10,820;;
594; SANTO ANGELO - 345;    9,158;    9,250;;
593; SANTO ANGELO - 44;    8,991;    9,072;;
462; SANTA CABECA - 88;    8,906;    8,962;;
461; SANTA CABECA - 230;    8,682;    8,708;;
184; SANTA CRUZ - 138;    8,315;    8,277;;
5253; SANTA CRUZ II - 69;    4,933;    4,502;;
3856; SANTA ISABEL1 - 88;    9,123;    9,204;;
5573; S.JOAO PIAUI - 69;    4,824;    4,325;;
5571; SAO JOAO DO PIAUI - 230;    4,824;    4,325;;
5570; SAO JOAO DO PIAUI - 500;    5,023;    4,565;;
108; SAO JOSE - 500;    8,307;    8,268;;
455; S.JOSE CAMPOS - 88;    9,237;    9,320;;
454; SAO JOSE - 230;    9,365;    9,457;;
3195; SANTA LINA - 88;    8,532;    8,592;;
5474; SAN.MATOS II - 138;    4,690;    4,242;;
239; UHE S.DA MESA - 138;    5,807;    5,434;;
230; SAO SALVADOR - 230;    5,821;    5,447;;
235; SERRA DA MESA - 500;    5,929;    5,592;;
3078; SAO SEBASTIAO - 13,8;    9,062;    9,142;;
7064; UHE SANTO ANTONIO - 500;    3,958;    3,958;;
5893; STO.A.JESUS - 69;    7,194;    6,965;;
5891; SA. JESUS - 230;    7,194;    6,965;;
5645; S.ANTON LOPES - 500;    5,204;    4,747;;
1497; SABARA 3 - 230;    7,352;    7,152;;
612; SALTO GRANDE - 230;    9,293;    9,474;;
9460; SALTO GO - 230;    6,415;    6,160;;
528; SALTO - 88;    8,887;    8,970;;
527; SALTO - 440;    8,887;    8,970;;
237; SAMAMBAIA - 138;    6,716;    6,486;;
234; SAMAMBAIA - 345;    6,753;    6,530;;
233; SAMAMBAIA - 500;    6,430;    6,158;;
6890; SAMUEL - 230;    7,066;    6,716;;
1311; SANTO ANGELO 1 - 69;    9,857;   10,251;;
1250; SANTO ANGELO 2 - 230;    9,857;   10,251;;
9285; SANTO ANGELO2 - 23;    9,857;   10,251;;
1251; SANTO ANGELO2 - 69;    9,857;   10,251;;
1046; SAGESUL - 230;    9,745;   10,117;;
1045; SANTO ANGELO - 525;    9,562;    9,872;;
6563; SANT. ARAGUAIA - 138;    8,036;    7,931;;
6562; SANTANA PA - 230;    8,040;    7,933;;
5733; SANTANA II - 69;    5,030;    4,649;;
5732; SANTANA II AL - 230;    5,030;    4,649;;
6368; SAPEACU - 230;    6,725;    6,477;;
6369; SAPEACU - 500;    6,377;    6,082;;
3830; S.ANT.POSSE 1 - 138;    8,700;    8,757;;
2472; SARANDI - 138;    9,289;    9,525;;
872; SARANDI 2 - 230;    9,158;    9,369;;
10000; SARANDI - 525;    8,823;    8,955;;
4338; SARZEDO--345;    7,378;    7,200;;
568; SANTA BARBARA - 138;    8,672;    8,737;;
567; SANTA BARBARA - 440;    8,634;    8,698;;
5481; SOBRAL II - 230;    5,303;    4,847;;
6333; SR.BONFIM II - 69;    5,203;    4,754;;
6332; SR.BONFIM II - 138;    5,203;    4,754;;
6331; SENHOR DO BONFIM II - 230;    5,203;    4,754;;
1253; SAO BORJA2 - 69;    9,889;   10,397;;
1254; SAO BORJA - 230;    9,889;   10,397;;
5488; SOBRAL III - 230;    5,122;    4,645;;
2346; SAO CARLOS - 138;    8,479;    8,510;;
703; SAO CARLOS II - 138;    8,490;    8,523;;
897; SALTO CAXIAS - 525;    8,846;    8,980;;
5731; SCHINCARIOL BA - 230;    6,923;    6,982;;
9780; SCHARLAU 2 - 230;   10,395;   10,849;;
9209; SCHARLAU - 23;   10,395;   10,849;;
2090; SCHARLAU - 138;   10,373;   10,821;;
5528; SCHINCARIOLMA - 230;    6,675;    6,375;;
5162; SCHINCARIOL PE - 230;    6,184;    5,907;;
3828; S.C.PALMEIRAS - 138;    8,444;    8,468;;
1309; SANTA CRUZ1 - 13,8;   10,339;   10,708;;
2088; SANTA CRUZ1 - 69;   10,339;   10,708;;
1256; SANTA CRUZ 1 - 230;   10,339;   10,708;;
4095; SANT.DUMONT 2 - 138;    8,126;    8,084;;
4098; SANT.DUMONT 2 - 345;    8,138;    8,098;;
856; SALTO SEGREDO - 525;    9,157;    9,358;;
1853; SELVIRIA - 138;    7,626;    7,528;;
3981; STA GERTRUDES - 138;    8,650;    8,705;;
377; S. G. DO PARA - 138;    6,794;    6,555;;
378; SAO GONCALO - 500;    6,665;    6,411;;
9049; SAO GOTARDO 2 - 138;    6,457;    6,186;;
391; SAO GOTARDO - 345;    6,318;    6,024;;
390; SAO GOTARDO - 500;    6,681;    6,437;;
2857; SIDEROPOL.ESU - 69;   10,166;   10,596;;
1057; SIDEROPOLIS - 230;   10,128;   10,550;;
1056; SIDEROPOLIS 2 - 230;   10,054;   10,458;;
1055; SIDEROPOLIS 2 - 525;    9,786;   10,125;;
1075; SIDROLANDIA - 138;    8,128;    8,175;;
1085; SIDROLANDIA - 230;    8,104;    8,153;;
3072; SIFAO - 138;    9,133;    9,224;;
7536; SILVANIA - 500;    7,407;    7,337;;
8451; SILVES - 138;    5,813;    5,444;;
8400; SILVES - 500;    5,947;    5,596;;
44705; SIMPLICE - 230;    4,471;    4,128;;
4479; SINOP - 500;    6,392;    6,223;;
4583; SINOP - 138;    6,831;    6,819;;
4582; SINOP MT - 230;    6,848;    6,841;;
4720; SINOP MT - 500;    6,495;    6,345;;
4131; PETR S ISABEL - 88;    9,126;    9,208;;
3859; KARIBE - 138;    9,135;    9,217;;
3807; ELFUSA ELK - 138;    8,560;    8,592;;
3827; S.J.B.VISTAII - 138;    8,562;    8,594;;
9559; N.S. JERONIMO - 69;   10,306;   10,708;;
169; SAO JOSE - 138;    8,273;    8,227;;
3133; S.J.RIOPARDO - 138;    8,461;    8,484;;
665; S.J.RIO PRETO - 138;    7,978;    7,933;;
3075; SKOL - 88;    9,093;    9,175;;
1478; SETE LAGOAS 4 - 138;    6,986;    6,762;;
1475; S.LAGOA 4 - 345;    7,025;    6,805;;
5563; SAO LUIS I - 69;    5,811;    5,423;;
5561; SAO LUIS I - 230;    5,811;    5,423;;
5551; SAO LUIS II - 230;    5,737;    5,341;;
5550; SAO LUIS 2 MA - 500;    5,399;    4,964;;
5693; SAO LUIS III - 69;    5,856;    5,482;;
5691; SAO LUIS III - 230;    5,856;    5,482;;
5578; SAO LUIS IV - 69;    5,632;    5,225;;
5689; SAO LUIS IV - 230;    5,632;    5,225;;
5688; SAO LUIS 4 MA - 500;    5,405;    4,971;;
5926; SANTA LUZIA II - 500;    4,884;    4,396;;
3073; SANTA LUZIA -138;    8,900;    8,958;;
4491; S.MANOEL - 500;    6,171;    5,975;;
2087; SANTA MARIA 3 - 69;    9,894;   10,315;;
1383; SANTA MARIA 3 - 138;    9,915;   10,331;;
1278; SANTA MARIA 3 - 230;    9,894;   10,315;;
1284; SANTA MARTA – 13,8;   10,505;   10,845;;
1279; SANTA MARTA – 69;   10,535;   10,863;;
1275; SANTA MARTA - 138;   10,505;   10,845;;
1281; SANTA MARTA - 230;   10,535;   10,863;;
834; S.MATEUS SUL - 230;   10,030;   10,377;;
3030; SAO MATEUS 2 - 138;    7,732;    7,564;;
3029; SAO MATEUS 2 - 230;    7,761;    7,590;;
9330; S.MATEUS SUL - 34,5;   10,030;   10,377;;
9331; S.MATEUS SUL - 13,8;   10,030;   10,377;;
299; S.MESA 2 - 500;    5,907;    5,572;;
2478; SANTA MONICA - 69;   10,391;   10,826;;
2477; SANTA MONICA - 230;   10,534;   10,983;;
4586; SINOP - 13,8;    6,829;    6,817;;
5480; SOBRALIII500;    5,074;    4,594;;
6301; SOBRADINHO - 230;    4,859;    4,404;;
6300; SOBRADINHO - 500;    4,998;    4,540;;
5483; SOBRAL II - 69;    5,303;    4,847;;
8714; SOL DO SERTAO - 500;    5,137;    4,685;;
9102; SOLVAY - 440;    9,085;    9,174;;
4564; SORRISO - 69;    6,922;    6,948;;
7736; SORRISO 2 - 230;    6,901;    6,918;;
4562; SORRISO - 230;    6,922;    6,948;;
1047; SALTO OSORIO - 230;    9,324;    9,531;;
6721; SERRA PELADA - 138;    5,380;    4,966;;
6754; SERRA PELADA - 500;    5,380;    4,966;;
9535; SANTAQUITERIA - 13,8;   10,382;   10,836;;
2397; SANTAQUITERIA - 69;   10,302;   10,736;;
9537; SANTAQUITERIA - 230;   10,382;   10,836;;
5273; SANTA RITA II - 69;    6,113;    5,835;;
5271; SANTA RITA 2 - 230;    6,113;    5,835;;
1282; SANTA ROSA1 – 69;    9,895;   10,284;;
1283; SANTA ROSA - 230;    9,895;   10,284;;
3829; SANTA RITA - 138;    8,376;    8,392;;
1060; SALTO SANTIAGO - 525;    9,128;    9,322;;
370; SAO SIMAO - 500;    7,056;    6,889;;
7050; UHE SANTO ANTONIO - 500 (Back-to-back);    5,077;    4,431;;
6493; SANTA MARIA - 69;    6,995;    6,748;;
6492; SANTA MARIA - 138;    6,995;    6,748;;
6491; SANTA MARIA - 230;    6,995;    6,748;;
3159; STA.TEREZINHA - 138;    8,896;    8,968;;
5361; SUAPE II - 230;    5,914;    5,589;;
5360; SUAPE II - 500;    5,721;    5,374;;
5363; SUAPE III - 69;    5,933;    5,608;;
5362; SUAPE III - 230;    5,933;    5,608;;
474; SUL - 345;    9,763;    9,910;;
3475; SUL - 88;    9,762;    9,910;;
571; SUMARE - 138;    8,718;    8,789;;
570; SUMARE - 440;    8,725;    8,796;;
7923; SURUBIM - 500;    5,142;    4,713;;
8403; STA RITA 3 - 500;    5,958;    5,610;;
8404; STA RITA 4 - 500;    5,958;    5,610;;
8401; STA RITA 1 - 500;    5,918;    5,564;;
8402; STA RITA 2 - 500;    5,918;    5,564;;
1289; S.VICENTE SUL - 69;   10,065;   10,553;;
1286; S.VICENTE - 230;   10,065;   10,553;;
9823; S V PALMAR 2 - 138;    9,690;   10,013;;
9822; S V PALMAR 2 - 525;    9,690;   10,013;;
9605; TERMINAL RIO - 500;    8,192;    8,144;;
5629; TABULEIRO - 138;    5,086;    4,599;;
5123; TACAIMBO - 69;    5,808;    5,418;;
5121; TACAIMBO - 230;    5,808;    5,418;;
5378; TACARATU - 230;    4,954;    4,537;;
3831; TAMBAU ELK - 138;    8,376;    8,392;;
6553; TAPAJOS - 138;    9,322;    9,353;;
6551; TAPAJOS - 230;    9,219;    9,238;;
1292; TAPERA 2 - 69;   10,823;   11,206;;
1291; TAPERA - 230;   10,823;   11,206;;
376; TAQUARIL - 138;    7,350;    7,171;;
373; TAQUARIL - 230;    7,454;    7,274;;
372; TAQUARIL - 345;    7,459;    7,293;;
2094; TAQUARA - 138;   10,304;   10,732;;
1249; TAQUARA - 230;   10,286;   10,710;;
547; TAQUARACU - 440;    7,902;    7,854;;
548; TAQUARUCU - 138;    7,967;    7,931;;
3935; SANT.TEXTIL - 138;   10,072;   10,351;;
3929; TATUI 1 - 88;   10,213;   10,519;;
3930; TATUI 2 - 138;   10,037;   10,310;;
5613; TAUA II - 69;    5,132;    4,659;;
5611; TAUA - 230;    5,132;    4,659;;
601; TAUBATE - 138;    8,829;    8,877;;
600; TAUBATE - 230;    8,847;    8,903;;
599; TAUBATE - 440;    8,694;    8,728;;
598; TAUBATE - 500;    8,428;    8,428;;
6062; TABOCAS DO BREJO VELHO - 230;    4,829;    4,504;;
2550; TECUMSEH 1 - 138;    8,480;    8,512;;
4493; TELPIRES - 500;    6,171;    5,975;;
5677; TERESINA II - 69;    5,835;    5,452;;
5502; TERESINA II - 230;    5,835;    5,452;;
5500; TERESINA II - 500;    5,221;    4,762;;
5503; TERESINA - 69;    6,190;    5,857;;
5501; TERESINA - 230;    6,190;    5,857;;
5993; T.FREITAS CBA - 138;    7,532;    7,320;;
5991; T. FREITA II - 230;    7,455;    7,241;;
5917; TIANGD CE - 230;    5,271;    4,809;;
5176; TIANGD CE - 500;    5,161;    4,693;;
748; TIETE - 138;    9,899;   10,148;;
4150; TIGRE ELK - 138;    8,616;    8,666;;
9030; TIMOTEO - 230;    8,061;    7,978;;
9031; TIMOTEO 1 - 13,8;    8,061;    7,978;;
4313; TIMOTEO 2 - 69;    7,764;    7,622;;
4072; TIMOTEO 2 - 230;    7,764;    7,622;;
382; TRES MARIAS - 138;    6,066;    5,758;;
381; TRES MARIAS - 230;    6,013;    5,700;;
380; TRES MARIAS - 345;    6,198;    5,893;;
5873; TOMBA - 69;    7,099;    6,964;;
5871; TOMBA - 230;    7,099;    6,964;;
6536; TOME ACU - 138;    6,680;    6,375;;
6535; TOME ACU - 230;    6,680;    6,375;;
9694; TORRES 2- 69;   10,543;   11,021;;
9693; TORRES 2 - 230;   10,543;   11,021;;
6101; TOUROS - 230;    4,691;    4,322;;
9106; TOYOTA - 230;    9,781;   10,000;;
82; TIJUCO PRETO 2 - 345;    9,165;    9,255;;
78; TIJUCO PRETO - 345;    9,181;    9,273;;
77; TIJUCO PRETO - 500;    8,703;    8,743;;
76; TIJUCO PRETO - 765;    8,937;    9,015;;
6534; TRANSAMAZONIC - 34,5;    8,219;    8,120;;
6531; TRANSAMAZONIC - 230;    8,219;    8,120;;
425; TR.CENTRO 1 - 230;    9,849;   10,093;;
426; TR.CENTRO 2 - 230;    9,849;   10,093;;
2281; TRIANON - 138;    7,987;    7,941;;
4571; TRINDADE - 230;    7,621;    7,577;;
4570; TRINDADE - 500;    7,407;    7,337;;
1208; TRIUNFO - 69;   10,306;   10,708;;
5323; TERESINA III - 69;    5,836;    5,450;;
5321; TERESINA III - 230;    5,836;    5,450;;
5505; TERESINA - 13,8;    6,190;    5,857;;
1065; TUBARAO SUL - 69;   10,131;   10,549;;
1064; TUBARAO SUL – 138;   10,169;   10,594;;
1063; TUBARAO SUL - 230;   10,145;   10,568;;
6416; TUCURUI - 230;    5,570;    5,158;;
6430; TUCURUI 2 - 500;    5,294;    4,857;;
6413; TUCURUI - 69;    5,570;    5,158;;
6450; TUCURUI - 138;    5,570;    5,158;;
6410; TUCURUI - 500;    5,254;    4,812;;
3191; TUPA - 138;    7,990;    7,949;;
672; UBARANA - 69;    8,108;    8,082;;
2018; UBATUBA 2 - 138;    9,020;    9,094;;
9359; UBERABA - 13,8;   10,368;   10,801;;
7343; UBERLANDIA 10 - 138;    6,992;    6,814;;
2401; UBERABA - 69;   10,319;   10,749;;
820; UBERABA - 230;   10,368;   10,801;;
5516; B. ESPERANCA - 13,8;    5,685;    5,309;;
3420; T.ULTRAFERTIL - 138;    9,385;    9,496;;
2402; UMBARA - 69;   10,204;   10,621;;
821; UMBARA - 230;   10,074;   10,469;;
9726; UMUARAMA - 138;    9,376;    9,609;;
9725; UMUARAMA SUL - 230;    9,387;    9,620;;
4284; UTE UNIVALEM - 138;    7,851;    7,789;;
1295; URUGUAIANA5 - 69;    9,936;   10,459;;
1296; URUGUAINA 5 - 230;    9,936;   10,459;;
1294; URUGUAIANA - 230;    9,933;   10,453;;
3164; URUPES 2 - 138;    8,127;    8,104;;
7690; MOCOCA 5 - 138;    8,331;    8,338;;
6482; UTINGA - 69;    6,509;    6,208;;
6481; UTINGA - 230;    6,509;    6,208;;
10135; U. VITORIA NORTE - 138;    9,865;   10,150;;
10134; U. VITORIA NORTE - 230;    9,891;   10,182;;
6463; VILA DO CONDE - 69;    6,200;    5,851;;
6461; VILA DO CONDE - 230;    6,200;    5,851;;
6460; VILA DO CONDE - 500;    5,763;    5,373;;
4133; VAL. GENTIL 1 - 138;    7,703;    7,617;;
7621; VALE PARANA - 138;    7,626;    7,528;;
1736; VENDA PEDRAS - 138;    8,252;    8,185;;
1781; VENDA PEDRAS - 345;    8,263;    8,195;;
394; VALADARES - 230;    7,389;    7,198;;
348; G.VALADARES 2 - 138;    7,401;    7,210;;
673; VALPARAISO - 138;    7,832;    7,766;;
4361; VARGINHA 4 - 138;    8,052;    7,979;;
4360; VARGINHA 4 - 345;    8,053;    7,979;;
3087; VIC. CARVALHO - 13,8;    9,328;    9,435;;
6479; V. CONDE 4 - 230;    6,199;    5,850;;
4147; V.CEL.PAPEL - 138;    7,673;    7,585;;
1298; V.AIRES - 69;   11,037;   11,533;;
1299; V.AIRES - 230;   11,037;   11,533;;
7627; VERALLIA - 138;    8,435;    8,459;;
2909; VERONA - 138;    7,724;    7,560;;
2910; VERONA - 230;    7,795;    7,635;;
4028; VESPASIANO 2 - 500;    6,894;    6,659;;
396; VOLTA GRANDE - 345;    7,365;    7,229;;
4712; VZ.GRANDE CMT - 138;    7,081;    7,032;;
4711; V. GRANDE MT - 230;    7,109;    7,065;;
3832; VAR.GRANDE 1 - 138;    8,529;    8,557;;
9264; VIAMAO 3 - 69;   10,595;   11,053;;
9263; VIAMAO 3 - 230;   10,595;   11,053;;
2619; VIANA - 138;    7,662;    7,503;;
90; VIANA - 345;    7,660;    7,500;;
3019; VIANA 2 - 345;    7,604;    7,437;;
3021; VIANA 2 - 500;    7,528;    7,359;;
2891; VIDEIRA - 138;    9,881;   10,210;;
1074; VIDEIRA - 230;    9,922;   10,257;;
9128; VIDROPORTO - 138;    8,454;    8,480;;
2348; VILA VENTURA - 138;    8,044;    8,008;;
6801; VILHENA - 69;    7,257;    7,099;;
6800; VILHENA - 230;    7,257;    7,099;;
7650; VILLAGRES - 138;    8,647;    8,701;;
177; VITORIA - 138;    7,683;    7,524;;
149; VITORIA - 345;    7,705;    7,549;;
2121; VW SAO CARLOS - 138;    8,482;    8,514;;
3903; VOTUPORANGA 1 - 138;    7,733;    7,652;;
674; VOTUPORANGA 2 - 138;    7,727;    7,645;;
7620; VOTUPORANGA 3 - 138;    7,716;    7,631;;
399; VARZEA PALMA 1 - 138;    6,028;    5,705;;
398; VARZEA PALMA 1 - 345;    6,027;    5,703;;
9921; VILA MARIA – 138;   10,441;   10,807;;
9920; VILA MARIA – 230;   10,425;   10,798;;
9837; VINHEDOS - 69;   10,032;   10,423;;
9836; VINHEDOS - 230;   10,032;   10,423;;
2896; XANXERE ESU - 138;    9,640;    9,920;;
1069; XANXERE - 230;    9,629;    9,903;;
768; XAVANTES - 138;    7,748;    7,721;;
766; XAVANTES - 230;    7,761;    7,735;;
491; XAVANTES - 345;    9,305;    9,416;;
5060; XINGO - 500;    5,493;    5,127;;
8106; XINGU - 230;    5,920;    5,555;;
8100; XINGU - 500;    5,255;    4,820;;
6572; XINGUARA 2 - 138;    7,266;    7,009;;
6571; XINGUARA 2 - 230;    7,266;    7,009;;
4120; ZONA OESTE - 138;    8,298;    8,259;;
9601; ZONA OESTE - 500;    8,279;    8,236;;
2034; ZANCHETTA - 138;   10,014;   10,282;;
7644; ZARAPLAST - 138;    8,963;    9,048;;
6265; ZEBU 2 - 69;    5,184;    4,804;;
6262; ZEBU - 230;    5,200;    4,825;;
6254; ZEBU - 13,8;    5,186;    4,806;;
6253; ZEBU - 69;    5,184;    4,804;;
