2024,2025,2026,2027,2028,2029,2030,2031
UFV GRAVIOLA 1,UFV GRAVIOLA 1,UFV GRAVIOLA 1,EOL BOA ESPERANCA II,EOL BOA ESPERANCA II,EOL BOA ESPERANCA II,EOL BOA ESPERANCA II,EOL BOA ESPERANCA II
UFV GRAVIOLA 2,UFV GRAVIOLA 2,UFV GRAVIOLA 2,EOL ITAUNA I,EOL ITAUNA I,EOL ITAUNA I,EOL ITAUNA I,EOL ITAUNA I
UFV GRAVIOLA 3,UFV GRAVIOLA 3,UFV GRAVIOLA 3,EOL ITAUNA II,EOL ITAUNA II,EOL ITAUNA II,EOL ITAUNA II,EOL ITAUNA II
UFV GRAVIOLA 4,UFV GRAVIOLA 4,UFV GRAVIOLA 4,EOL ITAUNA III,EOL ITAUNA III,EOL ITAUNA III,EOL ITAUNA III,EOL ITAUNA III
UTE NOVO TEMPO BARCARENA,UTE NOVO TEMPO BARCARENA,UTE NOVO TEMPO BARCARENA,EOL SAO DOMINGOS I,EOL SAO DOMINGOS I,EOL SAO DOMINGOS I,EOL SAO DOMINGOS I,EOL SAO DOMINGOS I
UFV LAGOINHA I,UFV LAGOINHA I,UFV LAGOINHA I,EOL SAO DOMINGOS II,EOL SAO DOMINGOS II,EOL SAO DOMINGOS II,EOL SAO DOMINGOS II,EOL SAO DOMINGOS II
UFV LAGOINHA II,UFV LAGOINHA II,UFV LAGOINHA II,EOL SAO DOMINGOS III,EOL SAO DOMINGOS III,EOL SAO DOMINGOS III,EOL SAO DOMINGOS III,EOL SAO DOMINGOS III
UFV LAGOINHA III,UFV LAGOINHA III,UFV LAGOINHA III,EOL SAO DOMINGOS IV,EOL SAO DOMINGOS IV,EOL SAO DOMINGOS IV,EOL SAO DOMINGOS IV,EOL SAO DOMINGOS IV
UFV LAGOINHA IV,UFV LAGOINHA IV,UFV LAGOINHA IV,EOL SAO DOMINGOS V,EOL SAO DOMINGOS V,EOL SAO DOMINGOS V,EOL SAO DOMINGOS V,EOL SAO DOMINGOS V
UFV SOLIDAO 1,UFV SOLIDAO 1,UFV SOLIDAO 1,EOL VENTOS DE SANTA MARCELLA 01,EOL VENTOS DE SANTA MARCELLA 01,EOL VENTOS DE SANTA MARCELLA 01,EOL VENTOS DE SANTA MARCELLA 01,EOL VENTOS DE SANTA MARCELLA 01
UFV SOLIDAO 2,UFV SOLIDAO 2,UFV SOLIDAO 2,EOL VENTOS DE SANTA MARCELLA 02,EOL VENTOS DE SANTA MARCELLA 02,EOL VENTOS DE SANTA MARCELLA 02,EOL VENTOS DE SANTA MARCELLA 02,EOL VENTOS DE SANTA MARCELLA 02
UFV SOLIDAO 3,UFV SOLIDAO 3,UFV SOLIDAO 3,EOL VENTOS DE SANTA MARCELLA 03,EOL VENTOS DE SANTA MARCELLA 03,EOL VENTOS DE SANTA MARCELLA 03,EOL VENTOS DE SANTA MARCELLA 03,EOL VENTOS DE SANTA MARCELLA 03
UFV SOLIDAO 4,UFV SOLIDAO 4,UFV SOLIDAO 4,EOL VENTOS DE SANTA MARCELLA 04,EOL VENTOS DE SANTA MARCELLA 04,EOL VENTOS DE SANTA MARCELLA 04,EOL VENTOS DE SANTA MARCELLA 04,EOL VENTOS DE SANTA MARCELLA 04
UFV SOLIDAO 5,UFV SOLIDAO 5,UFV SOLIDAO 5,EOL VENTOS DE SANTA MARCELLA 05,EOL VENTOS DE SANTA MARCELLA 05,EOL VENTOS DE SANTA MARCELLA 05,EOL VENTOS DE SANTA MARCELLA 05,EOL VENTOS DE SANTA MARCELLA 05
UFV SOLIDAO 6,UFV SOLIDAO 6,UFV SOLIDAO 6,EOL VENTOS DE SANTA MARCELLA 06,EOL VENTOS DE SANTA MARCELLA 06,EOL VENTOS DE SANTA MARCELLA 06,EOL VENTOS DE SANTA MARCELLA 06,EOL VENTOS DE SANTA MARCELLA 06
UFV SOLIDAO 7,UFV SOLIDAO 7,UFV SOLIDAO 7,EOL VENTOS DE SANTO ANTAO 01,EOL VENTOS DE SANTO ANTAO 01,EOL VENTOS DE SANTO ANTAO 01,EOL VENTOS DE SANTO ANTAO 01,EOL VENTOS DE SANTO ANTAO 01
UFV SOLIDAO 8,UFV SOLIDAO 8,UFV SOLIDAO 8,EOL VENTOS DE SANTO ANTAO 02,EOL VENTOS DE SANTO ANTAO 02,EOL VENTOS DE SANTO ANTAO 02,EOL VENTOS DE SANTO ANTAO 02,EOL VENTOS DE SANTO ANTAO 02
UFV SOLIDAO 9,UFV SOLIDAO 9,UFV SOLIDAO 9,EOL VENTOS DE SANTO ANTAO 03,EOL VENTOS DE SANTO ANTAO 03,EOL VENTOS DE SANTO ANTAO 03,EOL VENTOS DE SANTO ANTAO 03,EOL VENTOS DE SANTO ANTAO 03
UFV SOLIDAO 10,UFV SOLIDAO 10,UFV SOLIDAO 10,EOL VENTOS DE SANTO ANTAO 04,EOL VENTOS DE SANTO ANTAO 04,EOL VENTOS DE SANTO ANTAO 04,EOL VENTOS DE SANTO ANTAO 04,EOL VENTOS DE SANTO ANTAO 04
UFV SOLIDAO 11,UFV SOLIDAO 11,UFV SOLIDAO 11,EOL VENTOS DE SANTO ANTONIO 04,EOL VENTOS DE SANTO ANTONIO 04,EOL VENTOS DE SANTO ANTONIO 04,EOL VENTOS DE SANTO ANTONIO 04,EOL VENTOS DE SANTO ANTONIO 04
UFV SOLIDAO 12,UFV SOLIDAO 12,UFV SOLIDAO 12,EOL VENTOS DE SANTO ANTONIO 05,EOL VENTOS DE SANTO ANTONIO 05,EOL VENTOS DE SANTO ANTONIO 05,EOL VENTOS DE SANTO ANTONIO 05,EOL VENTOS DE SANTO ANTONIO 05
UFV ZEBU I,UFV ZEBU I,UFV ZEBU I,EOL VENTOS DE SANTO ANTONIO 06,EOL VENTOS DE SANTO ANTONIO 06,EOL VENTOS DE SANTO ANTONIO 06,EOL VENTOS DE SANTO ANTONIO 06,EOL VENTOS DE SANTO ANTONIO 06
UFV ZEBU II,UFV ZEBU II,UFV ZEBU II,EOL VENTOS DE SANTO ANTONIO 07,EOL VENTOS DE SANTO ANTONIO 07,EOL VENTOS DE SANTO ANTONIO 07,EOL VENTOS DE SANTO ANTONIO 07,EOL VENTOS DE SANTO ANTONIO 07
UFV ZEBU III,UFV ZEBU III,UFV ZEBU III,EOL VENTOS DE SANTO ANTONIO 08,EOL VENTOS DE SANTO ANTONIO 08,EOL VENTOS DE SANTO ANTONIO 08,EOL VENTOS DE SANTO ANTONIO 08,EOL VENTOS DE SANTO ANTONIO 08
UFV ZEBU IV,UFV ZEBU IV,UFV ZEBU IV,EOL VENTOS DE SAO RICARDO 05,EOL VENTOS DE SAO RICARDO 05,EOL VENTOS DE SAO RICARDO 05,EOL VENTOS DE SAO RICARDO 05,EOL VENTOS DE SAO RICARDO 05
UFV ZEBU V,UFV ZEBU V,UFV ZEBU V,EOL VENTOS DE SAO RICARDO 06,EOL VENTOS DE SAO RICARDO 06,EOL VENTOS DE SAO RICARDO 06,EOL VENTOS DE SAO RICARDO 06,EOL VENTOS DE SAO RICARDO 06
UFV ZEBU VI,UFV ZEBU VI,UFV ZEBU VI,EOL VENTOS DE SAO RICARDO 07,EOL VENTOS DE SAO RICARDO 07,EOL VENTOS DE SAO RICARDO 07,EOL VENTOS DE SAO RICARDO 07,EOL VENTOS DE SAO RICARDO 07
UFV ZEBU VII,UFV ZEBU VII,UFV ZEBU VII,EOL VENTOS DE SAO RICARDO 08,EOL VENTOS DE SAO RICARDO 08,EOL VENTOS DE SAO RICARDO 08,EOL VENTOS DE SAO RICARDO 08,EOL VENTOS DE SAO RICARDO 08
UFV ZEBU VIII,UFV ZEBU VIII,UFV ZEBU VIII,EOL VENTOS DE SAO RICARDO 09,EOL VENTOS DE SAO RICARDO 09,EOL VENTOS DE SAO RICARDO 09,EOL VENTOS DE SAO RICARDO 09,EOL VENTOS DE SAO RICARDO 09
UFV ZEBU IX,UFV ZEBU IX,UFV ZEBU IX,EOL VENTOS DE SAO RICARDO 12,EOL VENTOS DE SAO RICARDO 12,EOL VENTOS DE SAO RICARDO 12,EOL VENTOS DE SAO RICARDO 12,EOL VENTOS DE SAO RICARDO 12
UFV LUZEIRO 1,UFV LUZEIRO 1,UFV LUZEIRO 1,EOL VENTOS DE SAO RICARDO 13,EOL VENTOS DE SAO RICARDO 13,EOL VENTOS DE SAO RICARDO 13,EOL VENTOS DE SAO RICARDO 13,EOL VENTOS DE SAO RICARDO 13
UFV LUZEIRO 2,UFV LUZEIRO 2,UFV LUZEIRO 2,UFV ACUCENA 1,UFV ACUCENA 1,UFV ACUCENA 1,UFV ACUCENA 1,UFV ACUCENA 1
UFV LUZEIRO 3,UFV LUZEIRO 3,UFV LUZEIRO 3,UFV ACUCENA 2,UFV ACUCENA 2,UFV ACUCENA 2,UFV ACUCENA 2,UFV ACUCENA 2
UFV LUZEIRO 4,UFV LUZEIRO 4,UFV LUZEIRO 4,UFV ACUCENA 3,UFV ACUCENA 3,UFV ACUCENA 3,UFV ACUCENA 3,UFV ACUCENA 3
UFV LUZEIRO 5,UFV LUZEIRO 5,UFV LUZEIRO 5,UFV ACUCENA 4,UFV ACUCENA 4,UFV ACUCENA 4,UFV ACUCENA 4,UFV ACUCENA 4
UFV LUZEIRO 6,UFV LUZEIRO 6,UFV LUZEIRO 6,UFV ACUCENA 5,UFV ACUCENA 5,UFV ACUCENA 5,UFV ACUCENA 5,UFV ACUCENA 5
UFV CASCUDO 1,UFV ACUCENA 1,UFV ACUCENA 1,UFV ACUCENA 6,UFV ACUCENA 6,UFV ACUCENA 6,UFV ACUCENA 6,UFV ACUCENA 6
UFV CASCUDO 2,UFV ACUCENA 2,UFV ACUCENA 2,UFV ACUCENA 7,UFV ACUCENA 7,UFV ACUCENA 7,UFV ACUCENA 7,UFV ACUCENA 7
UFV CASCUDO 3,UFV ACUCENA 3,UFV ACUCENA 3,UFV ACUCENA 8,UFV ACUCENA 8,UFV ACUCENA 8,UFV ACUCENA 8,UFV ACUCENA 8
UFV CASCUDO 4,UFV ACUCENA 4,UFV ACUCENA 4,UFV ALEGRE I,UFV ALEGRE I,UFV ALEGRE I,UFV ALEGRE I,UFV ALEGRE I
UFV CASCUDO 5,UFV ACUCENA 5,UFV ACUCENA 5,UFV ALEGRE II,UFV ALEGRE II,UFV ALEGRE II,UFV ALEGRE II,UFV ALEGRE II
UFV CASCUDO 6,UFV ACUCENA 6,UFV ACUCENA 6,UFV ALEGRE III,UFV ALEGRE III,UFV ALEGRE III,UFV ALEGRE III,UFV ALEGRE III
UFV CASCUDO 7,UFV ACUCENA 7,UFV ACUCENA 7,UFV ALEGRE IV,UFV ALEGRE IV,UFV ALEGRE IV,UFV ALEGRE IV,UFV ALEGRE IV
EOL ITAUNA I,UFV ACUCENA 8,UFV ACUCENA 8,UFV ALEGRE V,UFV ALEGRE V,UFV ALEGRE V,UFV ALEGRE V,UFV ALEGRE V
EOL ITAUNA II,EOL BOA ESPERANCA II,EOL BOA ESPERANCA II,UFV ALEGRE VI,UFV ALEGRE VI,UFV ALEGRE VI,UFV ALEGRE VI,UFV ALEGRE VI
EOL ITAUNA III,UFV CASCUDO 1,UFV CASCUDO 1,UFV ALEGRE VII,UFV ALEGRE VII,UFV ALEGRE VII,UFV ALEGRE VII,UFV ALEGRE VII
EOL SAO DOMINGOS I,UFV CASCUDO 2,UFV CASCUDO 2,UFV ARAPUA 5,UFV ARAPUA 5,UFV ARAPUA 5,UFV ARAPUA 5,UFV ARAPUA 5
EOL SAO DOMINGOS II,UFV CASCUDO 3,UFV CASCUDO 3,UFV ARAPUA 6,UFV ARAPUA 6,UFV ARAPUA 6,UFV ARAPUA 6,UFV ARAPUA 6
EOL SAO DOMINGOS III,UFV CASCUDO 4,UFV CASCUDO 4,UFV ARAPUA 7,UFV ARAPUA 7,UFV ARAPUA 7,UFV ARAPUA 7,UFV ARAPUA 7
EOL SAO DOMINGOS IV,UFV CASCUDO 5,UFV CASCUDO 5,UFV ARAPUA 8,UFV ARAPUA 8,UFV ARAPUA 8,UFV ARAPUA 8,UFV ARAPUA 8
EOL SAO DOMINGOS V,UFV CASCUDO 6,UFV CASCUDO 6,UFV AURORA 54,UFV AURORA 54,UFV AURORA 54,UFV AURORA 54,UFV AURORA 54
EOL VENTOS DE SANTO ANTONIO 04,UFV CASCUDO 7,UFV CASCUDO 7,UFV AURORA 55,UFV AURORA 55,UFV AURORA 55,UFV AURORA 55,UFV AURORA 55
EOL VENTOS DE SANTO ANTONIO 05,UFV CASSILANDIA 7,UFV CASSILANDIA 7,UFV AURORA 56,UFV AURORA 56,UFV AURORA 56,UFV AURORA 56,UFV AURORA 56
EOL VENTOS DE SANTO ANTONIO 06,UFV CASSILANDIA 8,UFV CASSILANDIA 8,UFV AURORA 57,UFV AURORA 57,UFV AURORA 57,UFV AURORA 57,UFV AURORA 57
EOL VENTOS DE SANTO ANTONIO 07,UFV CHAPADAO 1,UFV CHAPADAO 1,UFV AURORA 58,UFV AURORA 58,UFV AURORA 58,UFV AURORA 58,UFV AURORA 58
EOL VENTOS DE SANTO ANTONIO 08,UFV CHAPADAO 2,UFV CHAPADAO 2,UFV AURORA 59,UFV AURORA 59,UFV AURORA 59,UFV AURORA 59,UFV AURORA 59
UFV MISSAGRA I,UFV CHAPADAO 3,UFV CHAPADAO 3,UFV AURORA 60,UFV AURORA 60,UFV AURORA 60,UFV AURORA 60,UFV AURORA 60
UFV MISSAGRA II,UFV CHAPADAO 4,UFV CHAPADAO 4,UFV AURORA 61,UFV AURORA 61,UFV AURORA 61,UFV AURORA 61,UFV AURORA 61
UFV MISSAGRA III,UFV CHAPADAO 5,UFV CHAPADAO 5,UFV AURORA 62,UFV AURORA 62,UFV AURORA 62,UFV AURORA 62,UFV AURORA 62
UFV ORQUIDEA I,UFV CHAPADAO 6,UFV CHAPADAO 6,UFV AURORA 63,UFV AURORA 63,UFV AURORA 63,UFV AURORA 63,UFV AURORA 63
UFV ORQUIDEA II,UFV CHAPADAO 7,UFV CHAPADAO 7,UFV AURORA 64,UFV AURORA 64,UFV AURORA 64,UFV AURORA 64,UFV AURORA 64
UFV ORQUIDEA III,UFV CHAPADAO 8,UFV CHAPADAO 8,UFV AURORA 65,UFV AURORA 65,UFV AURORA 65,UFV AURORA 65,UFV AURORA 65
UFV ORQUIDEA IV,UFV CHAPADAO 9,UFV CHAPADAO 9,UFV AURORA 66,UFV AURORA 66,UFV AURORA 66,UFV AURORA 66,UFV AURORA 66
UFV ORQUIDEA V,UFV CHAPADAO 10,UFV CHAPADAO 10,UFV AURORA 67,UFV AURORA 67,UFV AURORA 67,UFV AURORA 67,UFV AURORA 67
UFV ORQUIDEA VI,UFV CHAPADAO 11,UFV CHAPADAO 11,UFV AURORA 68,UFV AURORA 68,UFV AURORA 68,UFV AURORA 68,UFV AURORA 68
UFV TIMBAUBA I,UFV CHAPADAO 12,UFV CHAPADAO 12,UFV AURORA 69,UFV AURORA 69,UFV AURORA 69,UFV AURORA 69,UFV AURORA 69
UFV TIMBAUBA II,UFV CHAPADAO 13,UFV CHAPADAO 13,UFV AURORA 70,UFV AURORA 70,UFV AURORA 70,UFV AURORA 70,UFV AURORA 70
UFV TIMBAUBA III,UFV CHAPADAO 14,UFV CHAPADAO 14,UFV AVENTURA SOLAR,UFV AVENTURA SOLAR,UFV AVENTURA SOLAR,UFV AVENTURA SOLAR,UFV AVENTURA SOLAR
UFV TIMBAUBA IV,UFV CHAPADAO 15,UFV CHAPADAO 15,UFV BARRA DA ONCA I,UFV BARRA DA ONCA I,UFV BARRA DA ONCA I,UFV BARRA DA ONCA I,UFV BARRA DA ONCA I
UFV RIBEIRO GONCALVES V,UFV CHAPADAO 16,UFV CHAPADAO 16,UFV BARRA DA ONCA II,UFV BARRA DA ONCA II,UFV BARRA DA ONCA II,UFV BARRA DA ONCA II,UFV BARRA DA ONCA II
UFV PARANAIBA 1,UFV CHAPADAO 17,UFV CHAPADAO 17,UFV BARRA DA ONCA III,UFV BARRA DA ONCA III,UFV BARRA DA ONCA III,UFV BARRA DA ONCA III,UFV BARRA DA ONCA III
UFV PARANAIBA 2,UFV CHAPADAO 18,UFV CHAPADAO 18,UFV BARRA DA ONCA IV,UFV BARRA DA ONCA IV,UFV BARRA DA ONCA IV,UFV BARRA DA ONCA IV,UFV BARRA DA ONCA IV
UFV PARANAIBA 3,UFV CHAPADAO 19,UFV CHAPADAO 19,UFV BELO HORIZONTE 1,UFV BELO HORIZONTE 1,UFV BELO HORIZONTE 1,UFV BELO HORIZONTE 1,UFV BELO HORIZONTE 1
UFV PARANAIBA 4,EOL ITAUNA I,EOL ITAUNA I,UFV BELO HORIZONTE 2,UFV BELO HORIZONTE 2,UFV BELO HORIZONTE 2,UFV BELO HORIZONTE 2,UFV BELO HORIZONTE 2
UFV PARANAIBA 5,EOL ITAUNA II,EOL ITAUNA II,UFV BELO HORIZONTE 3,UFV BELO HORIZONTE 3,UFV BELO HORIZONTE 3,UFV BELO HORIZONTE 3,UFV BELO HORIZONTE 3
UFV PARANAIBA 6,EOL ITAUNA III,EOL ITAUNA III,UFV BELO HORIZONTE 4,UFV BELO HORIZONTE 4,UFV BELO HORIZONTE 4,UFV BELO HORIZONTE 4,UFV BELO HORIZONTE 4
UFV PARANAIBA 7,UFV MURION 1,UFV MURION 1,UFV BELO HORIZONTE 5,UFV BELO HORIZONTE 5,UFV BELO HORIZONTE 5,UFV BELO HORIZONTE 5,UFV BELO HORIZONTE 5
UFV PARANAIBA 8,UFV MURION 2,UFV MURION 2,UFV BOCA DO RIACHO 1,UFV BOCA DO RIACHO 1,UFV BOCA DO RIACHO 1,UFV BOCA DO RIACHO 1,UFV BOCA DO RIACHO 1
UFV PARANAIBA 9,UFV MURION 3,UFV MURION 3,UFV BOCA DO RIACHO 11,UFV BOCA DO RIACHO 11,UFV BOCA DO RIACHO 11,UFV BOCA DO RIACHO 11,UFV BOCA DO RIACHO 11
UFV PARANAIBA 10,UFV MURION 4,UFV MURION 4,UFV BOCA DO RIACHO 12,UFV BOCA DO RIACHO 12,UFV BOCA DO RIACHO 12,UFV BOCA DO RIACHO 12,UFV BOCA DO RIACHO 12
UFV PARANAIBA 11,UFV MURION 5,UFV MURION 5,UFV BOCA DO RIACHO 13,UFV BOCA DO RIACHO 13,UFV BOCA DO RIACHO 13,UFV BOCA DO RIACHO 13,UFV BOCA DO RIACHO 13
UFV AURORA 64,UFV MURION 6,UFV MURION 6,UFV BOCA DO RIACHO 14,UFV BOCA DO RIACHO 14,UFV BOCA DO RIACHO 14,UFV BOCA DO RIACHO 14,UFV BOCA DO RIACHO 14
UFV AURORA 65,UFV MURION 7,UFV MURION 7,UFV BOCA DO RIACHO 15,UFV BOCA DO RIACHO 15,UFV BOCA DO RIACHO 15,UFV BOCA DO RIACHO 15,UFV BOCA DO RIACHO 15
UFV AURORA 66,UFV MURION 8,UFV MURION 8,UFV BOCA DO RIACHO 16,UFV BOCA DO RIACHO 16,UFV BOCA DO RIACHO 16,UFV BOCA DO RIACHO 16,UFV BOCA DO RIACHO 16
UFV AURORA 67,EOL SAO DOMINGOS I,EOL SAO DOMINGOS I,UFV BOCA DO RIACHO 17,UFV BOCA DO RIACHO 17,UFV BOCA DO RIACHO 17,UFV BOCA DO RIACHO 17,UFV BOCA DO RIACHO 17
UFV AURORA 68,EOL SAO DOMINGOS II,EOL SAO DOMINGOS II,UFV BOCA DO RIACHO 18,UFV BOCA DO RIACHO 18,UFV BOCA DO RIACHO 18,UFV BOCA DO RIACHO 18,UFV BOCA DO RIACHO 18
UFV AURORA 69,EOL SAO DOMINGOS III,EOL SAO DOMINGOS III,UFV BOCA DO RIACHO 19,UFV BOCA DO RIACHO 19,UFV BOCA DO RIACHO 19,UFV BOCA DO RIACHO 19,UFV BOCA DO RIACHO 19
UFV AURORA 70,EOL SAO DOMINGOS IV,EOL SAO DOMINGOS IV,UFV BOCA DO RIACHO 2,UFV BOCA DO RIACHO 2,UFV BOCA DO RIACHO 2,UFV BOCA DO RIACHO 2,UFV BOCA DO RIACHO 2
UFV SOLAR IRECE 1,EOL SAO DOMINGOS V,EOL SAO DOMINGOS V,UFV BOCA DO RIACHO 3,UFV BOCA DO RIACHO 3,UFV BOCA DO RIACHO 3,UFV BOCA DO RIACHO 3,UFV BOCA DO RIACHO 3
UFV BELO HORIZONTE 1,EOL VENTOS DE SANTO ANTAO 01,EOL VENTOS DE SANTO ANTAO 01,UFV BOCA DO RIACHO 4,UFV BOCA DO RIACHO 4,UFV BOCA DO RIACHO 4,UFV BOCA DO RIACHO 4,UFV BOCA DO RIACHO 4
UFV BELO HORIZONTE 2,EOL VENTOS DE SANTO ANTAO 02,EOL VENTOS DE SANTO ANTAO 02,UFV BOCA DO RIACHO 5,UFV BOCA DO RIACHO 5,UFV BOCA DO RIACHO 5,UFV BOCA DO RIACHO 5,UFV BOCA DO RIACHO 5
UFV BELO HORIZONTE 3,EOL VENTOS DE SANTO ANTAO 03,EOL VENTOS DE SANTO ANTAO 03,UFV BOCA DO RIACHO 6,UFV BOCA DO RIACHO 6,UFV BOCA DO RIACHO 6,UFV BOCA DO RIACHO 6,UFV BOCA DO RIACHO 6
UFV BELO HORIZONTE 4,EOL VENTOS DE SANTO ANTAO 04,EOL VENTOS DE SANTO ANTAO 04,UFV BOCA DO RIACHO 7,UFV BOCA DO RIACHO 7,UFV BOCA DO RIACHO 7,UFV BOCA DO RIACHO 7,UFV BOCA DO RIACHO 7
UFV BELO HORIZONTE 5,EOL VENTOS DE SANTO ANTONIO 04,EOL VENTOS DE SANTO ANTONIO 04,UFV BOCA DO RIACHO 8,UFV BOCA DO RIACHO 8,UFV BOCA DO RIACHO 8,UFV BOCA DO RIACHO 8,UFV BOCA DO RIACHO 8
UFV BRX JANAUBA 1,EOL VENTOS DE SANTO ANTONIO 05,EOL VENTOS DE SANTO ANTONIO 05,UFV BOCA DO RIACHO 9,UFV BOCA DO RIACHO 9,UFV BOCA DO RIACHO 9,UFV BOCA DO RIACHO 9,UFV BOCA DO RIACHO 9
UFV BRX JANAUBA 2,EOL VENTOS DE SANTO ANTONIO 06,EOL VENTOS DE SANTO ANTONIO 06,UFV BRX JANAUBA 1,UFV BRX JANAUBA 1,UFV BRX JANAUBA 1,UFV BRX JANAUBA 1,UFV BRX JANAUBA 1
UFV BRX JANAUBA 3,EOL VENTOS DE SANTO ANTONIO 07,EOL VENTOS DE SANTO ANTONIO 07,UFV BRX JANAUBA 10,UFV BRX JANAUBA 10,UFV BRX JANAUBA 10,UFV BRX JANAUBA 10,UFV BRX JANAUBA 10
UFV BRX JANAUBA 4,EOL VENTOS DE SANTO ANTONIO 08,EOL VENTOS DE SANTO ANTONIO 08,UFV BRX JANAUBA 11,UFV BRX JANAUBA 11,UFV BRX JANAUBA 11,UFV BRX JANAUBA 11,UFV BRX JANAUBA 11
UFV BRX JANAUBA 5,UFV MISSAGRA I,UFV MISSAGRA I,UFV BRX JANAUBA 12,UFV BRX JANAUBA 12,UFV BRX JANAUBA 12,UFV BRX JANAUBA 12,UFV BRX JANAUBA 12
UFV BRX JANAUBA 6,UFV MISSAGRA II,UFV MISSAGRA II,UFV BRX JANAUBA 13,UFV BRX JANAUBA 13,UFV BRX JANAUBA 13,UFV BRX JANAUBA 13,UFV BRX JANAUBA 13
UFV BRX JANAUBA 7,UFV MISSAGRA III,UFV MISSAGRA III,UFV BRX JANAUBA 2,UFV BRX JANAUBA 2,UFV BRX JANAUBA 2,UFV BRX JANAUBA 2,UFV BRX JANAUBA 2
UFV BRX JANAUBA 8,UFV ORQUIDEA I,UFV ORQUIDEA I,UFV BRX JANAUBA 3,UFV BRX JANAUBA 3,UFV BRX JANAUBA 3,UFV BRX JANAUBA 3,UFV BRX JANAUBA 3
UFV BRX JANAUBA 9,UFV ORQUIDEA II,UFV ORQUIDEA II,UFV BRX JANAUBA 4,UFV BRX JANAUBA 4,UFV BRX JANAUBA 4,UFV BRX JANAUBA 4,UFV BRX JANAUBA 4
UFV BRX JANAUBA 10,UFV ORQUIDEA III,UFV ORQUIDEA III,UFV BRX JANAUBA 5,UFV BRX JANAUBA 5,UFV BRX JANAUBA 5,UFV BRX JANAUBA 5,UFV BRX JANAUBA 5
UFV BRX JANAUBA 11,UFV ORQUIDEA IV,UFV ORQUIDEA IV,UFV BRX JANAUBA 6,UFV BRX JANAUBA 6,UFV BRX JANAUBA 6,UFV BRX JANAUBA 6,UFV BRX JANAUBA 6
UFV BRX JANAUBA 12,UFV ORQUIDEA V,UFV ORQUIDEA V,UFV BRX JANAUBA 7,UFV BRX JANAUBA 7,UFV BRX JANAUBA 7,UFV BRX JANAUBA 7,UFV BRX JANAUBA 7
UFV BRX JANAUBA 13,UFV ORQUIDEA VI,UFV ORQUIDEA VI,UFV BRX JANAUBA 8,UFV BRX JANAUBA 8,UFV BRX JANAUBA 8,UFV BRX JANAUBA 8,UFV BRX JANAUBA 8
UFV CELEO BARREIRAS I,UFV TIMBAUBA I,UFV TIMBAUBA I,UFV BRX JANAUBA 9,UFV BRX JANAUBA 9,UFV BRX JANAUBA 9,UFV BRX JANAUBA 9,UFV BRX JANAUBA 9
UFV CELEO BARREIRAS II,UFV TIMBAUBA II,UFV TIMBAUBA II,UFV CANOA GRANDE IV,UFV CANOA GRANDE IV,UFV CANOA GRANDE IV,UFV CANOA GRANDE IV,UFV CANOA GRANDE IV
UFV CELEO BARREIRAS III,UFV TIMBAUBA III,UFV TIMBAUBA III,UFV CANOA GRANDE IX,UFV CANOA GRANDE IX,UFV CANOA GRANDE IX,UFV CANOA GRANDE IX,UFV CANOA GRANDE IX
UFV CELEO BARREIRAS IV,UFV TIMBAUBA IV,UFV TIMBAUBA IV,UFV CANOA GRANDE V,UFV CANOA GRANDE V,UFV CANOA GRANDE V,UFV CANOA GRANDE V,UFV CANOA GRANDE V
UFV CELEO BARREIRAS V,UFV ULA 04A,UFV ULA 04A,UFV CANOA GRANDE VI,UFV CANOA GRANDE VI,UFV CANOA GRANDE VI,UFV CANOA GRANDE VI,UFV CANOA GRANDE VI
UFV CELEO BARREIRAS VI,UFV ULA 05,UFV ULA 05,UFV CANOA GRANDE VII,UFV CANOA GRANDE VII,UFV CANOA GRANDE VII,UFV CANOA GRANDE VII,UFV CANOA GRANDE VII
UFV CELEO BARREIRAS VII,UFV ALTO SAO FRANCISCO IV,UFV ALTO SAO FRANCISCO IV,UFV CANOA GRANDE VIII,UFV CANOA GRANDE VIII,UFV CANOA GRANDE VIII,UFV CANOA GRANDE VIII,UFV CANOA GRANDE VIII
UFV CELEO BARREIRAS VIII,UFV ALTO SAO FRANCISCO IX,UFV ALTO SAO FRANCISCO IX,UFV CANOA GRANDE X,UFV CANOA GRANDE X,UFV CANOA GRANDE X,UFV CANOA GRANDE X,UFV CANOA GRANDE X
UFV CELEO BARREIRAS IX,UFV ALTO SAO FRANCISCO V,UFV ALTO SAO FRANCISCO V,UFV CANOA GRANDE XI,UFV CANOA GRANDE XI,UFV CANOA GRANDE XI,UFV CANOA GRANDE XI,UFV CANOA GRANDE XI
UFV CELEO BARREIRAS X,UFV ALTO SAO FRANCISCO VII,UFV ALTO SAO FRANCISCO VII,UFV CANOA GRANDE XII,UFV CANOA GRANDE XII,UFV CANOA GRANDE XII,UFV CANOA GRANDE XII,UFV CANOA GRANDE XII
UFV GAMELEIRA 1,UFV ALTO SAO FRANCISCO VIII,UFV ALTO SAO FRANCISCO VIII,UFV CANOA GRANDE XIII,UFV CANOA GRANDE XIII,UFV CANOA GRANDE XIII,UFV CANOA GRANDE XIII,UFV CANOA GRANDE XIII
UFV GAMELEIRA 2,UFV ALTO SAO FRANCISCO X,UFV ALTO SAO FRANCISCO X,UFV CANOA GRANDE XIV,UFV CANOA GRANDE XIV,UFV CANOA GRANDE XIV,UFV CANOA GRANDE XIV,UFV CANOA GRANDE XIV
UFV GAMELEIRA 3,UFV ALTO SAO FRANCISCO XI,UFV ALTO SAO FRANCISCO XI,UFV CANOA GRANDE XV,UFV CANOA GRANDE XV,UFV CANOA GRANDE XV,UFV CANOA GRANDE XV,UFV CANOA GRANDE XV
UFV GAMELEIRA 4,UFV ALTO SAO FRANCISCO XII,UFV ALTO SAO FRANCISCO XII,UFV CASCUDO 1,UFV CASCUDO 1,UFV CASCUDO 1,UFV CASCUDO 1,UFV CASCUDO 1
UFV INFINITO JANAUBA I,UFV RIBEIRO GONCALVES V,UFV DIAMANTE SOL I,UFV CASCUDO 2,UFV CASCUDO 2,UFV CASCUDO 2,UFV CASCUDO 2,UFV CASCUDO 2
UFV INFINITO JANAUBA II,UFV PARANAIBA 1,UFV DIAMANTE SOL II,UFV CASCUDO 3,UFV CASCUDO 3,UFV CASCUDO 3,UFV CASCUDO 3,UFV CASCUDO 3
UFV INFINITO JANAUBA III,UFV PARANAIBA 2,UFV DIAMANTE SOL III,UFV CASCUDO 4,UFV CASCUDO 4,UFV CASCUDO 4,UFV CASCUDO 4,UFV CASCUDO 4
UFV INFINITO JANAUBA IV,UFV PARANAIBA 3,UFV DIAMANTE SOL IV,UFV CASCUDO 5,UFV CASCUDO 5,UFV CASCUDO 5,UFV CASCUDO 5,UFV CASCUDO 5
UFV INFINITO JANAUBA V,UFV PARANAIBA 4,UFV DIAMANTE SOL V,UFV CASCUDO 6,UFV CASCUDO 6,UFV CASCUDO 6,UFV CASCUDO 6,UFV CASCUDO 6
UFV INFINITO JANAUBA VI,UFV PARANAIBA 5,UFV DIAMANTE SOL VI,UFV CASCUDO 7,UFV CASCUDO 7,UFV CASCUDO 7,UFV CASCUDO 7,UFV CASCUDO 7
UFV INFINITO JANAUBA VII,UFV PARANAIBA 6,UFV DIAMANTE SOL VII,UFV CASSILANDIA 1,UFV CASSILANDIA 1,UFV CASSILANDIA 1,UFV CASSILANDIA 1,UFV CASSILANDIA 1
UFV INFINITO JANAUBA VIII,UFV PARANAIBA 7,UFV DIAMANTE SOL VIII,UFV CASSILANDIA 2,UFV CASSILANDIA 2,UFV CASSILANDIA 2,UFV CASSILANDIA 2,UFV CASSILANDIA 2
UFV JANAUBA VLT I,UFV PARANAIBA 8,UFV DIAMANTE SOL X,UFV CASSILANDIA 3,UFV CASSILANDIA 3,UFV CASSILANDIA 3,UFV CASSILANDIA 3,UFV CASSILANDIA 3
UFV JANAUBA VLT II,UFV PARANAIBA 9,UFV DIAMANTE SOL XIII,UFV CASSILANDIA 4,UFV CASSILANDIA 4,UFV CASSILANDIA 4,UFV CASSILANDIA 4,UFV CASSILANDIA 4
UFV JANAUBA VLT III,UFV PARANAIBA 10,UFV DIAMANTE SOL XIV,UFV CASSILANDIA 5,UFV CASSILANDIA 5,UFV CASSILANDIA 5,UFV CASSILANDIA 5,UFV CASSILANDIA 5
UFV JANAUBA VLT IV,UFV PARANAIBA 11,UFV DIAMANTE SOL XV,UFV CASSILANDIA 6,UFV CASSILANDIA 6,UFV CASSILANDIA 6,UFV CASSILANDIA 6,UFV CASSILANDIA 6
UFV PRESIDENTE JUSCELINO I,UFV AURORA 64,UFV DIAMANTE SOL XVI,UFV CASSILANDIA 7,UFV CASSILANDIA 7,UFV CASSILANDIA 7,UFV CASSILANDIA 7,UFV CASSILANDIA 7
UFV PRESIDENTE JUSCELINO II,UFV AURORA 65,UFV DIAMANTE SOL XVII,UFV CASSILANDIA 8,UFV CASSILANDIA 8,UFV CASSILANDIA 8,UFV CASSILANDIA 8,UFV CASSILANDIA 8
UFV PRESIDENTE JK 01,UFV AURORA 66,UFV DIAMANTE SOL XVIII,UFV CELEO BARREIRAS I,UFV CELEO BARREIRAS I,UFV CELEO BARREIRAS I,UFV CELEO BARREIRAS I,UFV CELEO BARREIRAS I
UFV PRESIDENTE JK 02,UFV AURORA 67,UFV DIAMANTE SOL XX,UFV CELEO BARREIRAS II,UFV CELEO BARREIRAS II,UFV CELEO BARREIRAS II,UFV CELEO BARREIRAS II,UFV CELEO BARREIRAS II
UFV PRESIDENTE JK 03,UFV AURORA 68,UFV DIAMANTE SOL XXI,UFV CELEO BARREIRAS III,UFV CELEO BARREIRAS III,UFV CELEO BARREIRAS III,UFV CELEO BARREIRAS III,UFV CELEO BARREIRAS III
UFV PRESIDENTE JK 04,UFV AURORA 69,UFV DIAMANTE SOL XXII,UFV CELEO BARREIRAS IV,UFV CELEO BARREIRAS IV,UFV CELEO BARREIRAS IV,UFV CELEO BARREIRAS IV,UFV CELEO BARREIRAS IV
UFV PRESIDENTE JK 05,UFV AURORA 70,UFV DIAMANTE SOL XXIV,UFV CELEO BARREIRAS IX,UFV CELEO BARREIRAS IX,UFV CELEO BARREIRAS IX,UFV CELEO BARREIRAS IX,UFV CELEO BARREIRAS IX
UFV PRESIDENTE JK 06,UFV SOLAR IRECE 1,UFV DIAMANTE SOL XXV,UFV CELEO BARREIRAS V,UFV CELEO BARREIRAS V,UFV CELEO BARREIRAS V,UFV CELEO BARREIRAS V,UFV CELEO BARREIRAS V
UFV PRESIDENTE JK 07,UFV BELO HORIZONTE 1,UFV DIAMANTE SOL XXVI,UFV CELEO BARREIRAS VI,UFV CELEO BARREIRAS VI,UFV CELEO BARREIRAS VI,UFV CELEO BARREIRAS VI,UFV CELEO BARREIRAS VI
UFV PRESIDENTE JK 08,UFV BELO HORIZONTE 2,UFV DIAMANTE SOL XXVII,UFV CELEO BARREIRAS VII,UFV CELEO BARREIRAS VII,UFV CELEO BARREIRAS VII,UFV CELEO BARREIRAS VII,UFV CELEO BARREIRAS VII
UFV PRESIDENTE JK 09,UFV BELO HORIZONTE 3,UFV DIAMANTE SOL XXVIII,UFV CELEO BARREIRAS VIII,UFV CELEO BARREIRAS VIII,UFV CELEO BARREIRAS VIII,UFV CELEO BARREIRAS VIII,UFV CELEO BARREIRAS VIII
UFV PRESIDENTE JK 10,UFV BELO HORIZONTE 4,UFV DIAMANTE SOL XXIX,UFV CELEO BARREIRAS X,UFV CELEO BARREIRAS X,UFV CELEO BARREIRAS X,UFV CELEO BARREIRAS X,UFV CELEO BARREIRAS X
UFV PRESIDENTE JK 11,UFV BELO HORIZONTE 5,UFV RIBEIRO GONCALVES V,UFV CHAPADAO 1,UFV CHAPADAO 1,UFV CHAPADAO 1,UFV CHAPADAO 1,UFV CHAPADAO 1
UFV PRESIDENTE JK 12,UFV BRX JANAUBA 1,UFV PARANAIBA 1,UFV CHAPADAO 10,UFV CHAPADAO 10,UFV CHAPADAO 10,UFV CHAPADAO 10,UFV CHAPADAO 10
EOL VENTOS DE SAO RICARDO 05,UFV BRX JANAUBA 2,UFV PARANAIBA 2,UFV CHAPADAO 11,UFV CHAPADAO 11,UFV CHAPADAO 11,UFV CHAPADAO 11,UFV CHAPADAO 11
EOL VENTOS DE SAO RICARDO 06,UFV BRX JANAUBA 3,UFV PARANAIBA 3,UFV CHAPADAO 12,UFV CHAPADAO 12,UFV CHAPADAO 12,UFV CHAPADAO 12,UFV CHAPADAO 12
EOL VENTOS DE SAO RICARDO 07,UFV BRX JANAUBA 4,UFV PARANAIBA 4,UFV CHAPADAO 13,UFV CHAPADAO 13,UFV CHAPADAO 13,UFV CHAPADAO 13,UFV CHAPADAO 13
EOL VENTOS DE SAO RICARDO 08,UFV BRX JANAUBA 5,UFV PARANAIBA 5,UFV CHAPADAO 14,UFV CHAPADAO 14,UFV CHAPADAO 14,UFV CHAPADAO 14,UFV CHAPADAO 14
EOL VENTOS DE SAO RICARDO 09,UFV BRX JANAUBA 6,UFV PARANAIBA 6,UFV CHAPADAO 15,UFV CHAPADAO 15,UFV CHAPADAO 15,UFV CHAPADAO 15,UFV CHAPADAO 15
EOL VENTOS DE SAO RICARDO 12,UFV BRX JANAUBA 7,UFV PARANAIBA 7,UFV CHAPADAO 16,UFV CHAPADAO 16,UFV CHAPADAO 16,UFV CHAPADAO 16,UFV CHAPADAO 16
EOL VENTOS DE SAO RICARDO 13,UFV BRX JANAUBA 8,UFV PARANAIBA 8,UFV CHAPADAO 17,UFV CHAPADAO 17,UFV CHAPADAO 17,UFV CHAPADAO 17,UFV CHAPADAO 17
UFV SERRA DO MEL IX,UFV BRX JANAUBA 9,UFV PARANAIBA 9,UFV CHAPADAO 18,UFV CHAPADAO 18,UFV CHAPADAO 18,UFV CHAPADAO 18,UFV CHAPADAO 18
UFV SERRA DO MEL X,UFV BRX JANAUBA 10,UFV PARANAIBA 10,UFV CHAPADAO 19,UFV CHAPADAO 19,UFV CHAPADAO 19,UFV CHAPADAO 19,UFV CHAPADAO 19
UFV SOLAR IRECE 2,UFV BRX JANAUBA 11,UFV PARANAIBA 11,UFV CHAPADAO 2,UFV CHAPADAO 2,UFV CHAPADAO 2,UFV CHAPADAO 2,UFV CHAPADAO 2
UFV NELORE 1,UFV BRX JANAUBA 12,UFV AURORA 64,UFV CHAPADAO 3,UFV CHAPADAO 3,UFV CHAPADAO 3,UFV CHAPADAO 3,UFV CHAPADAO 3
UFV NELORE 2,UFV BRX JANAUBA 13,UFV AURORA 65,UFV CHAPADAO 4,UFV CHAPADAO 4,UFV CHAPADAO 4,UFV CHAPADAO 4,UFV CHAPADAO 4
UFV NELORE 3,UFV CELEO BARREIRAS I,UFV AURORA 66,UFV CHAPADAO 5,UFV CHAPADAO 5,UFV CHAPADAO 5,UFV CHAPADAO 5,UFV CHAPADAO 5
UFV NELORE 4,UFV CELEO BARREIRAS II,UFV AURORA 67,UFV CHAPADAO 6,UFV CHAPADAO 6,UFV CHAPADAO 6,UFV CHAPADAO 6,UFV CHAPADAO 6
UFV NELORE 5,UFV CELEO BARREIRAS III,UFV AURORA 68,UFV CHAPADAO 7,UFV CHAPADAO 7,UFV CHAPADAO 7,UFV CHAPADAO 7,UFV CHAPADAO 7
UFV SKY ARINOS I,UFV CELEO BARREIRAS IV,UFV AURORA 69,UFV CHAPADAO 8,UFV CHAPADAO 8,UFV CHAPADAO 8,UFV CHAPADAO 8,UFV CHAPADAO 8
UFV SKY ARINOS II,UFV CELEO BARREIRAS V,UFV AURORA 70,UFV CHAPADAO 9,UFV CHAPADAO 9,UFV CHAPADAO 9,UFV CHAPADAO 9,UFV CHAPADAO 9
UFV SKY ARINOS III,UFV CELEO BARREIRAS VI,UFV SOLAR IRECE 1,UFV CHATEAU FORT 1,UFV CHATEAU FORT 1,UFV CHATEAU FORT 1,UFV CHATEAU FORT 1,UFV CHATEAU FORT 1
UFV SKY ARINOS IV,UFV CELEO BARREIRAS VII,UFV BELO HORIZONTE 1,UFV CHATEAU FORT 10,UFV CHATEAU FORT 10,UFV CHATEAU FORT 10,UFV CHATEAU FORT 10,UFV CHATEAU FORT 10
UFV SKY ARINOS V,UFV CELEO BARREIRAS VIII,UFV BELO HORIZONTE 2,UFV CHATEAU FORT 2,UFV CHATEAU FORT 2,UFV CHATEAU FORT 2,UFV CHATEAU FORT 2,UFV CHATEAU FORT 2
UFV SKY ARINOS VI,UFV CELEO BARREIRAS IX,UFV BELO HORIZONTE 3,UFV CHATEAU FORT 3,UFV CHATEAU FORT 3,UFV CHATEAU FORT 3,UFV CHATEAU FORT 3,UFV CHATEAU FORT 3
UFV SKY ARINOS VII,UFV CELEO BARREIRAS X,UFV BELO HORIZONTE 4,UFV CHATEAU FORT 4,UFV CHATEAU FORT 4,UFV CHATEAU FORT 4,UFV CHATEAU FORT 4,UFV CHATEAU FORT 4
UFV SKY ARINOS VIII,UFV GAMELEIRA 1,UFV BELO HORIZONTE 5,UFV CHATEAU FORT 5,UFV CHATEAU FORT 5,UFV CHATEAU FORT 5,UFV CHATEAU FORT 5,UFV CHATEAU FORT 5
UFV VARZEA DA PALMA IV,UFV GAMELEIRA 2,UFV BRX JANAUBA 1,UFV CHATEAU FORT 6,UFV CHATEAU FORT 6,UFV CHATEAU FORT 6,UFV CHATEAU FORT 6,UFV CHATEAU FORT 6
UFV VARZEA DA PALMA IX,UFV GAMELEIRA 3,UFV BRX JANAUBA 2,UFV CHATEAU FORT 7,UFV CHATEAU FORT 7,UFV CHATEAU FORT 7,UFV CHATEAU FORT 7,UFV CHATEAU FORT 7
UFV VARZEA DA PALMA V,UFV GAMELEIRA 4,UFV BRX JANAUBA 3,UFV CHATEAU FORT 8,UFV CHATEAU FORT 8,UFV CHATEAU FORT 8,UFV CHATEAU FORT 8,UFV CHATEAU FORT 8
UFV VARZEA DA PALMA VI,UFV INFINITO JANAUBA I,UFV BRX JANAUBA 4,UFV CHATEAU FORT 9,UFV CHATEAU FORT 9,UFV CHATEAU FORT 9,UFV CHATEAU FORT 9,UFV CHATEAU FORT 9
UFV VARZEA DA PALMA VII,UFV INFINITO JANAUBA II,UFV BRX JANAUBA 5,UFV CUMARU SOLAR 01,UFV CUMARU SOLAR 01,UFV CUMARU SOLAR 01,UFV CUMARU SOLAR 01,UFV CUMARU SOLAR 01
UFV VARZEA DA PALMA VIII,UFV INFINITO JANAUBA III,UFV BRX JANAUBA 6,UFV CUMARU SOLAR 02,UFV CUMARU SOLAR 02,UFV CUMARU SOLAR 02,UFV CUMARU SOLAR 02,UFV CUMARU SOLAR 02
EOL VENTOS DE SANTA MARCELLA 01,UFV INFINITO JANAUBA IV,UFV BRX JANAUBA 7,UFV CURRALINHO I,UFV CURRALINHO I,UFV CURRALINHO I,UFV CURRALINHO I,UFV CURRALINHO I
EOL VENTOS DE SANTA MARCELLA 02,UFV INFINITO JANAUBA V,UFV BRX JANAUBA 8,UFV CURRALINHO II,UFV CURRALINHO II,UFV CURRALINHO II,UFV CURRALINHO II,UFV CURRALINHO II
EOL VENTOS DE SANTA MARCELLA 03,UFV INFINITO JANAUBA VI,UFV BRX JANAUBA 9,UFV EMTEP 3,UFV EMTEP 3,UFV EMTEP 3,UFV EMTEP 3,UFV EMTEP 3
EOL VENTOS DE SANTA MARCELLA 04,UFV INFINITO JANAUBA VII,UFV BRX JANAUBA 10,UFV FOTONS DE SAO CLAUS 01,UFV FOTONS DE SAO CLAUS 01,UFV FOTONS DE SAO CLAUS 01,UFV FOTONS DE SAO CLAUS 01,UFV FOTONS DE SAO CLAUS 01
EOL VENTOS DE SANTA MARCELLA 05,UFV INFINITO JANAUBA VIII,UFV BRX JANAUBA 11,UFV FOTONS DE SAO CLAUS 02,UFV FOTONS DE SAO CLAUS 02,UFV FOTONS DE SAO CLAUS 02,UFV FOTONS DE SAO CLAUS 02,UFV FOTONS DE SAO CLAUS 02
EOL VENTOS DE SANTA MARCELLA 06,UFV JANAUBA VLT I,UFV BRX JANAUBA 12,UFV FOTONS DE SAO CLAUS 03,UFV FOTONS DE SAO CLAUS 03,UFV FOTONS DE SAO CLAUS 03,UFV FOTONS DE SAO CLAUS 03,UFV FOTONS DE SAO CLAUS 03
UFV VEREDA 1,UFV JANAUBA VLT II,UFV BRX JANAUBA 13,UFV FOTONS DE SAO CLAUS 04,UFV FOTONS DE SAO CLAUS 04,UFV FOTONS DE SAO CLAUS 04,UFV FOTONS DE SAO CLAUS 04,UFV FOTONS DE SAO CLAUS 04
UFV VEREDA 2,UFV JANAUBA VLT III,UFV CELEO BARREIRAS I,UFV FOTONS DE SAO CLAUS 05,UFV FOTONS DE SAO CLAUS 05,UFV FOTONS DE SAO CLAUS 05,UFV FOTONS DE SAO CLAUS 05,UFV FOTONS DE SAO CLAUS 05
UFV VEREDA 3,UFV JANAUBA VLT IV,UFV CELEO BARREIRAS II,UFV FOTONS DE SAO CLAUS 06,UFV FOTONS DE SAO CLAUS 06,UFV FOTONS DE SAO CLAUS 06,UFV FOTONS DE SAO CLAUS 06,UFV FOTONS DE SAO CLAUS 06
UFV VEREDA 4,UFV PRESIDENTE JUSCELINO I,UFV CELEO BARREIRAS III,UFV FOTONS DE SAO CLAUS 07,UFV FOTONS DE SAO CLAUS 07,UFV FOTONS DE SAO CLAUS 07,UFV FOTONS DE SAO CLAUS 07,UFV FOTONS DE SAO CLAUS 07
UFV VEREDA 5,UFV PRESIDENTE JUSCELINO II,UFV CELEO BARREIRAS IV,UFV FOTONS DE SAO MAGNO 01,UFV FOTONS DE SAO MAGNO 01,UFV FOTONS DE SAO MAGNO 01,UFV FOTONS DE SAO MAGNO 01,UFV FOTONS DE SAO MAGNO 01
UFV VEREDA 6,UFV PRESIDENTE JK 01,UFV CELEO BARREIRAS V,UFV FOTONS DE SAO MAGNO 02,UFV FOTONS DE SAO MAGNO 02,UFV FOTONS DE SAO MAGNO 02,UFV FOTONS DE SAO MAGNO 02,UFV FOTONS DE SAO MAGNO 02
UFV VEREDA 7,UFV PRESIDENTE JK 02,UFV CELEO BARREIRAS VI,UFV FOTONS DE SAO MAGNO 03,UFV FOTONS DE SAO MAGNO 03,UFV FOTONS DE SAO MAGNO 03,UFV FOTONS DE SAO MAGNO 03,UFV FOTONS DE SAO MAGNO 03
UFV VEREDA 8,UFV PRESIDENTE JK 03,UFV CELEO BARREIRAS VII,UFV FOTONS DE SAO MAGNO 04,UFV FOTONS DE SAO MAGNO 04,UFV FOTONS DE SAO MAGNO 04,UFV FOTONS DE SAO MAGNO 04,UFV FOTONS DE SAO MAGNO 04
UFV VEREDA 9,UFV PRESIDENTE JK 04,UFV CELEO BARREIRAS VIII,UFV FOTONS DE SAO MAGNO 05,UFV FOTONS DE SAO MAGNO 05,UFV FOTONS DE SAO MAGNO 05,UFV FOTONS DE SAO MAGNO 05,UFV FOTONS DE SAO MAGNO 05
UFV CASSILANDIA 1,UFV PRESIDENTE JK 05,UFV CELEO BARREIRAS IX,UFV FOTONS DE SAO MAGNO 06,UFV FOTONS DE SAO MAGNO 06,UFV FOTONS DE SAO MAGNO 06,UFV FOTONS DE SAO MAGNO 06,UFV FOTONS DE SAO MAGNO 06
UFV CASSILANDIA 2,UFV PRESIDENTE JK 06,UFV CELEO BARREIRAS X,UFV FOTONS DE SAO MAGNO 07,UFV FOTONS DE SAO MAGNO 07,UFV FOTONS DE SAO MAGNO 07,UFV FOTONS DE SAO MAGNO 07,UFV FOTONS DE SAO MAGNO 07
UFV CASSILANDIA 3,UFV PRESIDENTE JK 07,UFV GAMELEIRA 1,UFV FOTONS DE SAO MAGNO 08,UFV FOTONS DE SAO MAGNO 08,UFV FOTONS DE SAO MAGNO 08,UFV FOTONS DE SAO MAGNO 08,UFV FOTONS DE SAO MAGNO 08
UFV CASSILANDIA 4,UFV PRESIDENTE JK 08,UFV GAMELEIRA 2,UFV FUTURO II,UFV FUTURO II,UFV FUTURO II,UFV FUTURO II,UFV FUTURO II
UFV CASSILANDIA 5,UFV PRESIDENTE JK 09,UFV GAMELEIRA 3,UFV FUTURO III,UFV FUTURO III,UFV FUTURO III,UFV FUTURO III,UFV FUTURO III
UFV CASSILANDIA 6,UFV PRESIDENTE JK 10,UFV GAMELEIRA 4,UFV FUTURO IV,UFV FUTURO IV,UFV FUTURO IV,UFV FUTURO IV,UFV FUTURO IV
UFV AURORA 54,UFV PRESIDENTE JK 11,UFV INFINITO JANAUBA I,UFV FUTURO V,UFV FUTURO V,UFV FUTURO V,UFV FUTURO V,UFV FUTURO V
UFV AURORA 55,UFV PRESIDENTE JK 12,UFV INFINITO JANAUBA II,UFV GAMELEIRA 1,UFV GAMELEIRA 1,UFV GAMELEIRA 1,UFV GAMELEIRA 1,UFV GAMELEIRA 1
UFV AURORA 56,EOL VENTOS DE SAO RICARDO 05,UFV INFINITO JANAUBA III,UFV GAMELEIRA 2,UFV GAMELEIRA 2,UFV GAMELEIRA 2,UFV GAMELEIRA 2,UFV GAMELEIRA 2
UFV AURORA 57,EOL VENTOS DE SAO RICARDO 06,UFV INFINITO JANAUBA IV,UFV GAMELEIRA 3,UFV GAMELEIRA 3,UFV GAMELEIRA 3,UFV GAMELEIRA 3,UFV GAMELEIRA 3
UFV AURORA 58,EOL VENTOS DE SAO RICARDO 07,UFV INFINITO JANAUBA V,UFV GAMELEIRA 4,UFV GAMELEIRA 4,UFV GAMELEIRA 4,UFV GAMELEIRA 4,UFV GAMELEIRA 4
UFV AURORA 59,EOL VENTOS DE SAO RICARDO 08,UFV INFINITO JANAUBA VI,UFV GOLD SOLAR,UFV GOLD SOLAR,UFV GOLD SOLAR,UFV GOLD SOLAR,UFV GOLD SOLAR
UFV AURORA 60,EOL VENTOS DE SAO RICARDO 09,UFV INFINITO JANAUBA VII,UFV GRAVIOLA 1,UFV GRAVIOLA 1,UFV GRAVIOLA 1,UFV GRAVIOLA 1,UFV GRAVIOLA 1
UFV AURORA 61,EOL VENTOS DE SAO RICARDO 12,UFV INFINITO JANAUBA VIII,UFV GRAVIOLA 2,UFV GRAVIOLA 2,UFV GRAVIOLA 2,UFV GRAVIOLA 2,UFV GRAVIOLA 2
UFV AURORA 62,EOL VENTOS DE SAO RICARDO 13,UFV JANAUBA VLT I,UFV GRAVIOLA 3,UFV GRAVIOLA 3,UFV GRAVIOLA 3,UFV GRAVIOLA 3,UFV GRAVIOLA 3
UFV AURORA 63,UFV SERRA DO MEL IX,UFV JANAUBA VLT II,UFV GRAVIOLA 4,UFV GRAVIOLA 4,UFV GRAVIOLA 4,UFV GRAVIOLA 4,UFV GRAVIOLA 4
UFV SANTA LUZIA 10,UFV SERRA DO MEL X,UFV JANAUBA VLT III,UFV GS LASSANCE SOLAR 01,UFV GS LASSANCE SOLAR 01,UFV GS LASSANCE SOLAR 01,UFV GS LASSANCE SOLAR 01,UFV GS LASSANCE SOLAR 01
UFV SANTA LUZIA 11,UFV SOLAR IRECE 2,UFV JANAUBA VLT IV,UFV GS LASSANCE SOLAR 02,UFV GS LASSANCE SOLAR 02,UFV GS LASSANCE SOLAR 02,UFV GS LASSANCE SOLAR 02,UFV GS LASSANCE SOLAR 02
UFV SANTA LUZIA 12,UFV NELORE 1,UFV PRESIDENTE JUSCELINO I,UFV GS LASSANCE SOLAR 03,UFV GS LASSANCE SOLAR 03,UFV GS LASSANCE SOLAR 03,UFV GS LASSANCE SOLAR 03,UFV GS LASSANCE SOLAR 03
UFV SANTA LUZIA 13,UFV NELORE 2,UFV PRESIDENTE JUSCELINO II,UFV GS LASSANCE SOLAR 04,UFV GS LASSANCE SOLAR 04,UFV GS LASSANCE SOLAR 04,UFV GS LASSANCE SOLAR 04,UFV GS LASSANCE SOLAR 04
UFV SANTA LUZIA 14,UFV NELORE 3,UFV PRESIDENTE JK 01,UFV GS LASSANCE SOLAR 05,UFV GS LASSANCE SOLAR 05,UFV GS LASSANCE SOLAR 05,UFV GS LASSANCE SOLAR 05,UFV GS LASSANCE SOLAR 05
UFV RAIOS DO PARNAIBA IV,UFV NELORE 4,UFV PRESIDENTE JK 02,UFV GS LASSANCE SOLAR 06,UFV GS LASSANCE SOLAR 06,UFV GS LASSANCE SOLAR 06,UFV GS LASSANCE SOLAR 06,UFV GS LASSANCE SOLAR 06
UFV RAIOS DO PARNAIBA X,UFV NELORE 5,UFV PRESIDENTE JK 03,UFV GS LASSANCE SOLAR 07,UFV GS LASSANCE SOLAR 07,UFV GS LASSANCE SOLAR 07,UFV GS LASSANCE SOLAR 07,UFV GS LASSANCE SOLAR 07
UFV EMTEP 3,UFV SKY ARINOS I,UFV PRESIDENTE JK 04,UFV GS LASSANCE SOLAR 08,UFV GS LASSANCE SOLAR 08,UFV GS LASSANCE SOLAR 08,UFV GS LASSANCE SOLAR 08,UFV GS LASSANCE SOLAR 08
UFV SOBRAL I,UFV SKY ARINOS II,UFV PRESIDENTE JK 05,UFV GS LASSANCE SOLAR 09,UFV GS LASSANCE SOLAR 09,UFV GS LASSANCE SOLAR 09,UFV GS LASSANCE SOLAR 09,UFV GS LASSANCE SOLAR 09
UFV RAIOS DO POETA I,UFV SKY ARINOS III,UFV PRESIDENTE JK 06,UFV GSII SOLAR 1,UFV GSII SOLAR 1,UFV GSII SOLAR 1,UFV GSII SOLAR 1,UFV GSII SOLAR 1
UFV RAIOS DO POETA II,UFV SKY ARINOS IV,UFV PRESIDENTE JK 07,UFV GSII SOLAR 3,UFV GSII SOLAR 3,UFV GSII SOLAR 3,UFV GSII SOLAR 3,UFV GSII SOLAR 3
UFV SOL DO SAO FRANCISCO,UFV SKY ARINOS V,UFV PRESIDENTE JK 08,UFV HELIOS 1,UFV HELIOS 1,UFV HELIOS 1,UFV HELIOS 1,UFV HELIOS 1
UFV PARATINGA I,UFV SKY ARINOS VI,UFV PRESIDENTE JK 09,UFV HELIOS 2,UFV HELIOS 2,UFV HELIOS 2,UFV HELIOS 2,UFV HELIOS 2
UFV PARATINGA II,UFV SKY ARINOS VII,UFV PRESIDENTE JK 10,UFV INFINITO JANAUBA I,UFV INFINITO JANAUBA I,UFV INFINITO JANAUBA I,UFV INFINITO JANAUBA I,UFV INFINITO JANAUBA I
UFV PARATINGA III,UFV SKY ARINOS VIII,UFV PRESIDENTE JK 11,UFV INFINITO JANAUBA II,UFV INFINITO JANAUBA II,UFV INFINITO JANAUBA II,UFV INFINITO JANAUBA II,UFV INFINITO JANAUBA II
UFV PARATINGA IV,UFV VARZEA DA PALMA IV,UFV PRESIDENTE JK 12,UFV INFINITO JANAUBA III,UFV INFINITO JANAUBA III,UFV INFINITO JANAUBA III,UFV INFINITO JANAUBA III,UFV INFINITO JANAUBA III
UFV AVENTURA SOLAR,UFV VARZEA DA PALMA IX,EOL VENTOS DE SAO RICARDO 05,UFV INFINITO JANAUBA IV,UFV INFINITO JANAUBA IV,UFV INFINITO JANAUBA IV,UFV INFINITO JANAUBA IV,UFV INFINITO JANAUBA IV
UFV MORADA DO SOL 1,UFV VARZEA DA PALMA V,EOL VENTOS DE SAO RICARDO 06,UFV INFINITO JANAUBA V,UFV INFINITO JANAUBA V,UFV INFINITO JANAUBA V,UFV INFINITO JANAUBA V,UFV INFINITO JANAUBA V
UFV MORADA DO SOL 2,UFV VARZEA DA PALMA VI,EOL VENTOS DE SAO RICARDO 07,UFV INFINITO JANAUBA VI,UFV INFINITO JANAUBA VI,UFV INFINITO JANAUBA VI,UFV INFINITO JANAUBA VI,UFV INFINITO JANAUBA VI
UFV MORADA DO SOL 3,UFV VARZEA DA PALMA VII,EOL VENTOS DE SAO RICARDO 08,UFV INFINITO JANAUBA VII,UFV INFINITO JANAUBA VII,UFV INFINITO JANAUBA VII,UFV INFINITO JANAUBA VII,UFV INFINITO JANAUBA VII
UFV MORADA DO SOL 4,UFV VARZEA DA PALMA VIII,EOL VENTOS DE SAO RICARDO 09,UFV INFINITO JANAUBA VIII,UFV INFINITO JANAUBA VIII,UFV INFINITO JANAUBA VIII,UFV INFINITO JANAUBA VIII,UFV INFINITO JANAUBA VIII
UFV MORADA DO SOL 5,EOL VENTOS DE SANTA MARCELLA 01,EOL VENTOS DE SAO RICARDO 12,UFV JANAUBA VLT I,UFV JANAUBA VLT I,UFV JANAUBA VLT I,UFV JANAUBA VLT I,UFV JANAUBA VLT I
UFV MORADA DO SOL 6,EOL VENTOS DE SANTA MARCELLA 02,EOL VENTOS DE SAO RICARDO 13,UFV JANAUBA VLT II,UFV JANAUBA VLT II,UFV JANAUBA VLT II,UFV JANAUBA VLT II,UFV JANAUBA VLT II
UFV OURO 1,EOL VENTOS DE SANTA MARCELLA 03,UFV SERRA DO MEL IX,UFV JANAUBA VLT III,UFV JANAUBA VLT III,UFV JANAUBA VLT III,UFV JANAUBA VLT III,UFV JANAUBA VLT III
UFV OURO 2,EOL VENTOS DE SANTA MARCELLA 04,UFV SERRA DO MEL X,UFV JANAUBA VLT IV,UFV JANAUBA VLT IV,UFV JANAUBA VLT IV,UFV JANAUBA VLT IV,UFV JANAUBA VLT IV
UFV OURO 3,EOL VENTOS DE SANTA MARCELLA 05,UFV SOLAR IRECE 2,UFV LAGOINHA I,UFV LAGOINHA I,UFV LAGOINHA I,UFV LAGOINHA I,UFV LAGOINHA I
UFV OURO 4,EOL VENTOS DE SANTA MARCELLA 06,UFV NELORE 1,UFV LAGOINHA II,UFV LAGOINHA II,UFV LAGOINHA II,UFV LAGOINHA II,UFV LAGOINHA II
UFV OURO 5,UFV VEREDA 1,UFV NELORE 2,UFV LAGOINHA III,UFV LAGOINHA III,UFV LAGOINHA III,UFV LAGOINHA III,UFV LAGOINHA III
UFV OURO 6,UFV VEREDA 2,UFV NELORE 3,UFV LAGOINHA IV,UFV LAGOINHA IV,UFV LAGOINHA IV,UFV LAGOINHA IV,UFV LAGOINHA IV
UFV OURO 7,UFV VEREDA 3,UFV NELORE 4,UFV LUZEIRO 1,UFV LUZEIRO 1,UFV LUZEIRO 1,UFV LUZEIRO 1,UFV LUZEIRO 1
UFV OURO 8,UFV VEREDA 4,UFV NELORE 5,UFV LUZEIRO 2,UFV LUZEIRO 2,UFV LUZEIRO 2,UFV LUZEIRO 2,UFV LUZEIRO 2
UFV OURO 9,UFV VEREDA 5,UFV SKY ARINOS I,UFV LUZEIRO 3,UFV LUZEIRO 3,UFV LUZEIRO 3,UFV LUZEIRO 3,UFV LUZEIRO 3
UFV OURO 10,UFV VEREDA 6,UFV SKY ARINOS II,UFV LUZEIRO 4,UFV LUZEIRO 4,UFV LUZEIRO 4,UFV LUZEIRO 4,UFV LUZEIRO 4
UFV OURO 11,UFV VEREDA 7,UFV SKY ARINOS III,UFV LUZEIRO 5,UFV LUZEIRO 5,UFV LUZEIRO 5,UFV LUZEIRO 5,UFV LUZEIRO 5
UFV OURO 12,UFV VEREDA 8,UFV SKY ARINOS IV,UFV LUZEIRO 6,UFV LUZEIRO 6,UFV LUZEIRO 6,UFV LUZEIRO 6,UFV LUZEIRO 6
UFV OURO 13,UFV VEREDA 9,UFV SKY ARINOS V,UFV MALHADA I,UFV MALHADA I,UFV MALHADA I,UFV MALHADA I,UFV MALHADA I
UFV OURO 14,UFV CASSILANDIA 1,UFV SKY ARINOS VI,UFV MALHADA III,UFV MALHADA III,UFV MALHADA III,UFV MALHADA III,UFV MALHADA III
UFV OURO 15,UFV CASSILANDIA 2,UFV SKY ARINOS VII,UFV MISSAGRA I,UFV MISSAGRA I,UFV MISSAGRA I,UFV MISSAGRA I,UFV MISSAGRA I
UFV OURO 16,UFV CASSILANDIA 3,UFV SKY ARINOS VIII,UFV MISSAGRA II,UFV MISSAGRA II,UFV MISSAGRA II,UFV MISSAGRA II,UFV MISSAGRA II
UFV OURO 17,UFV CASSILANDIA 4,UFV VARZEA DA PALMA IV,UFV MISSAGRA III,UFV MISSAGRA III,UFV MISSAGRA III,UFV MISSAGRA III,UFV MISSAGRA III
UFV OURO 18,UFV CASSILANDIA 5,UFV VARZEA DA PALMA IX,UFV MORADA DO SOL 1,UFV MORADA DO SOL 1,UFV MORADA DO SOL 1,UFV MORADA DO SOL 1,UFV MORADA DO SOL 1
UFV SKY SAO MAMEDE I,UFV CASSILANDIA 6,UFV VARZEA DA PALMA V,UFV MORADA DO SOL 2,UFV MORADA DO SOL 2,UFV MORADA DO SOL 2,UFV MORADA DO SOL 2,UFV MORADA DO SOL 2
UFV SKY SAO MAMEDE II,UFV AURORA 54,UFV VARZEA DA PALMA VI,UFV MORADA DO SOL 3,UFV MORADA DO SOL 3,UFV MORADA DO SOL 3,UFV MORADA DO SOL 3,UFV MORADA DO SOL 3
UFV SKY SAO MAMEDE III,UFV AURORA 55,UFV VARZEA DA PALMA VII,UFV MORADA DO SOL 4,UFV MORADA DO SOL 4,UFV MORADA DO SOL 4,UFV MORADA DO SOL 4,UFV MORADA DO SOL 4
UFV SKY SAO MAMEDE IV,UFV AURORA 56,UFV VARZEA DA PALMA VIII,UFV MORADA DO SOL 5,UFV MORADA DO SOL 5,UFV MORADA DO SOL 5,UFV MORADA DO SOL 5,UFV MORADA DO SOL 5
UFV SKY SAO MAMEDE V,UFV AURORA 57,EOL VENTOS DE SANTA MARCELLA 01,UFV MORADA DO SOL 6,UFV MORADA DO SOL 6,UFV MORADA DO SOL 6,UFV MORADA DO SOL 6,UFV MORADA DO SOL 6
UFV SKY SAO MAMEDE VI,UFV AURORA 58,EOL VENTOS DE SANTA MARCELLA 02,UFV MORRO PRETO 1,UFV MORRO PRETO 1,UFV MORRO PRETO 1,UFV MORRO PRETO 1,UFV MORRO PRETO 1
UFV SKY SAO MAMEDE VII,UFV AURORA 59,EOL VENTOS DE SANTA MARCELLA 03,UFV MORRO PRETO 10,UFV MORRO PRETO 10,UFV MORRO PRETO 10,UFV MORRO PRETO 10,UFV MORRO PRETO 10
UFV SKY SAO MAMEDE VIII,UFV AURORA 60,EOL VENTOS DE SANTA MARCELLA 04,UFV MORRO PRETO 11,UFV MORRO PRETO 11,UFV MORRO PRETO 11,UFV MORRO PRETO 11,UFV MORRO PRETO 11
UFV SKY SAO MAMEDE IX,UFV AURORA 61,EOL VENTOS DE SANTA MARCELLA 05,UFV MORRO PRETO 12,UFV MORRO PRETO 12,UFV MORRO PRETO 12,UFV MORRO PRETO 12,UFV MORRO PRETO 12
UFV SKY SAO MAMEDE X,UFV AURORA 62,EOL VENTOS DE SANTA MARCELLA 06,UFV MORRO PRETO 13,UFV MORRO PRETO 13,UFV MORRO PRETO 13,UFV MORRO PRETO 13,UFV MORRO PRETO 13
UFV SERRA DO MEL VIII,UFV AURORA 63,UFV VEREDA 1,UFV MORRO PRETO 14,UFV MORRO PRETO 14,UFV MORRO PRETO 14,UFV MORRO PRETO 14,UFV MORRO PRETO 14
UFV ALEGRE II,UFV SANTA LUZIA 10,UFV VEREDA 2,UFV MORRO PRETO 15,UFV MORRO PRETO 15,UFV MORRO PRETO 15,UFV MORRO PRETO 15,UFV MORRO PRETO 15
UFV ALEGRE I,UFV SANTA LUZIA 11,UFV VEREDA 3,UFV MORRO PRETO 16,UFV MORRO PRETO 16,UFV MORRO PRETO 16,UFV MORRO PRETO 16,UFV MORRO PRETO 16
UFV ALEGRE III,UFV SANTA LUZIA 12,UFV VEREDA 4,UFV MORRO PRETO 17,UFV MORRO PRETO 17,UFV MORRO PRETO 17,UFV MORRO PRETO 17,UFV MORRO PRETO 17
UFV ALEGRE IV,UFV SANTA LUZIA 13,UFV VEREDA 5,UFV MORRO PRETO 18,UFV MORRO PRETO 18,UFV MORRO PRETO 18,UFV MORRO PRETO 18,UFV MORRO PRETO 18
UFV ALEGRE V,UFV SANTA LUZIA 14,UFV VEREDA 6,UFV MORRO PRETO 19,UFV MORRO PRETO 19,UFV MORRO PRETO 19,UFV MORRO PRETO 19,UFV MORRO PRETO 19
UFV ALEGRE VI,UFV RAIOS DO PARNAIBA IV,UFV VEREDA 7,UFV MORRO PRETO 2,UFV MORRO PRETO 2,UFV MORRO PRETO 2,UFV MORRO PRETO 2,UFV MORRO PRETO 2
UFV ALEGRE VII,UFV RAIOS DO PARNAIBA X,UFV VEREDA 8,UFV MORRO PRETO 20,UFV MORRO PRETO 20,UFV MORRO PRETO 20,UFV MORRO PRETO 20,UFV MORRO PRETO 20
UFV BARRA DA ONCA I,UFV EMTEP 3,UFV VEREDA 9,UFV MORRO PRETO 21,UFV MORRO PRETO 21,UFV MORRO PRETO 21,UFV MORRO PRETO 21,UFV MORRO PRETO 21
UFV BARRA DA ONCA II,UFV SOBRAL I,UFV CASSILANDIA 1,UFV MORRO PRETO 22,UFV MORRO PRETO 22,UFV MORRO PRETO 22,UFV MORRO PRETO 22,UFV MORRO PRETO 22
UFV BARRA DA ONCA III,UFV RAIOS DO POETA I,UFV CASSILANDIA 2,UFV MORRO PRETO 23,UFV MORRO PRETO 23,UFV MORRO PRETO 23,UFV MORRO PRETO 23,UFV MORRO PRETO 23
UFV BARRA DA ONCA IV,UFV RAIOS DO POETA II,UFV CASSILANDIA 3,UFV MORRO PRETO 24,UFV MORRO PRETO 24,UFV MORRO PRETO 24,UFV MORRO PRETO 24,UFV MORRO PRETO 24
UFV BOCA DO RIACHO 1,UFV SOL DO SAO FRANCISCO,UFV CASSILANDIA 4,UFV MORRO PRETO 25,UFV MORRO PRETO 25,UFV MORRO PRETO 25,UFV MORRO PRETO 25,UFV MORRO PRETO 25
UFV BOCA DO RIACHO 11,UFV PARATINGA I,UFV CASSILANDIA 5,UFV MORRO PRETO 26,UFV MORRO PRETO 26,UFV MORRO PRETO 26,UFV MORRO PRETO 26,UFV MORRO PRETO 26
UFV BOCA DO RIACHO 12,UFV PARATINGA II,UFV CASSILANDIA 6,UFV MORRO PRETO 27,UFV MORRO PRETO 27,UFV MORRO PRETO 27,UFV MORRO PRETO 27,UFV MORRO PRETO 27
UFV BOCA DO RIACHO 13,UFV PARATINGA III,UFV AURORA 54,UFV MORRO PRETO 28,UFV MORRO PRETO 28,UFV MORRO PRETO 28,UFV MORRO PRETO 28,UFV MORRO PRETO 28
UFV BOCA DO RIACHO 14,UFV PARATINGA IV,UFV AURORA 55,UFV MORRO PRETO 29,UFV MORRO PRETO 29,UFV MORRO PRETO 29,UFV MORRO PRETO 29,UFV MORRO PRETO 29
UFV BOCA DO RIACHO 15,UFV AVENTURA SOLAR,UFV AURORA 56,UFV MORRO PRETO 3,UFV MORRO PRETO 3,UFV MORRO PRETO 3,UFV MORRO PRETO 3,UFV MORRO PRETO 3
UFV BOCA DO RIACHO 16,UFV MORADA DO SOL 1,UFV AURORA 57,UFV MORRO PRETO 30,UFV MORRO PRETO 30,UFV MORRO PRETO 30,UFV MORRO PRETO 30,UFV MORRO PRETO 30
UFV BOCA DO RIACHO 17,UFV MORADA DO SOL 2,UFV AURORA 58,UFV MORRO PRETO 31,UFV MORRO PRETO 31,UFV MORRO PRETO 31,UFV MORRO PRETO 31,UFV MORRO PRETO 31
UFV BOCA DO RIACHO 18,UFV MORADA DO SOL 3,UFV AURORA 59,UFV MORRO PRETO 32,UFV MORRO PRETO 32,UFV MORRO PRETO 32,UFV MORRO PRETO 32,UFV MORRO PRETO 32
UFV BOCA DO RIACHO 19,UFV MORADA DO SOL 4,UFV AURORA 60,UFV MORRO PRETO 33,UFV MORRO PRETO 33,UFV MORRO PRETO 33,UFV MORRO PRETO 33,UFV MORRO PRETO 33
UFV BOCA DO RIACHO 2,UFV MORADA DO SOL 5,UFV AURORA 61,UFV MORRO PRETO 34,UFV MORRO PRETO 34,UFV MORRO PRETO 34,UFV MORRO PRETO 34,UFV MORRO PRETO 34
UFV BOCA DO RIACHO 3,UFV MORADA DO SOL 6,UFV AURORA 62,UFV MORRO PRETO 35,UFV MORRO PRETO 35,UFV MORRO PRETO 35,UFV MORRO PRETO 35,UFV MORRO PRETO 35
UFV BOCA DO RIACHO 4,UFV OURO 1,UFV AURORA 63,UFV MORRO PRETO 36,UFV MORRO PRETO 36,UFV MORRO PRETO 36,UFV MORRO PRETO 36,UFV MORRO PRETO 36
UFV BOCA DO RIACHO 5,UFV OURO 2,UFV SANTA LUZIA 10,UFV MORRO PRETO 37,UFV MORRO PRETO 37,UFV MORRO PRETO 37,UFV MORRO PRETO 37,UFV MORRO PRETO 37
UFV BOCA DO RIACHO 6,UFV OURO 3,UFV SANTA LUZIA 11,UFV MORRO PRETO 38,UFV MORRO PRETO 38,UFV MORRO PRETO 38,UFV MORRO PRETO 38,UFV MORRO PRETO 38
UFV BOCA DO RIACHO 7,UFV OURO 4,UFV SANTA LUZIA 12,UFV MORRO PRETO 39,UFV MORRO PRETO 39,UFV MORRO PRETO 39,UFV MORRO PRETO 39,UFV MORRO PRETO 39
UFV BOCA DO RIACHO 8,UFV OURO 5,UFV SANTA LUZIA 13,UFV MORRO PRETO 4,UFV MORRO PRETO 4,UFV MORRO PRETO 4,UFV MORRO PRETO 4,UFV MORRO PRETO 4
UFV BOCA DO RIACHO 9,UFV OURO 6,UFV SANTA LUZIA 14,UFV MORRO PRETO 40,UFV MORRO PRETO 40,UFV MORRO PRETO 40,UFV MORRO PRETO 40,UFV MORRO PRETO 40
UFV CHATEAU FORT 1,UFV OURO 7,UFV RAIOS DO PARNAIBA IV,UFV MORRO PRETO 5,UFV MORRO PRETO 5,UFV MORRO PRETO 5,UFV MORRO PRETO 5,UFV MORRO PRETO 5
UFV CHATEAU FORT 10,UFV OURO 8,UFV RAIOS DO PARNAIBA X,UFV MORRO PRETO 6,UFV MORRO PRETO 6,UFV MORRO PRETO 6,UFV MORRO PRETO 6,UFV MORRO PRETO 6
UFV CHATEAU FORT 2,UFV OURO 9,UFV EMTEP 3,UFV MORRO PRETO 7,UFV MORRO PRETO 7,UFV MORRO PRETO 7,UFV MORRO PRETO 7,UFV MORRO PRETO 7
UFV CHATEAU FORT 3,UFV OURO 10,UFV SOBRAL I,UFV MORRO PRETO 8,UFV MORRO PRETO 8,UFV MORRO PRETO 8,UFV MORRO PRETO 8,UFV MORRO PRETO 8
UFV CHATEAU FORT 4,UFV OURO 11,UFV RAIOS DO POETA I,UFV MORRO PRETO 9,UFV MORRO PRETO 9,UFV MORRO PRETO 9,UFV MORRO PRETO 9,UFV MORRO PRETO 9
UFV CHATEAU FORT 5,UFV OURO 12,UFV RAIOS DO POETA II,UFV MURION 1,UFV MURION 1,UFV MURION 1,UFV MURION 1,UFV MURION 1
UFV CHATEAU FORT 6,UFV OURO 13,UFV SOL DO SAO FRANCISCO,UFV MURION 2,UFV MURION 2,UFV MURION 2,UFV MURION 2,UFV MURION 2
UFV CHATEAU FORT 7,UFV OURO 14,UFV PARATINGA I,UFV MURION 3,UFV MURION 3,UFV MURION 3,UFV MURION 3,UFV MURION 3
UFV CHATEAU FORT 8,UFV OURO 15,UFV PARATINGA II,UFV MURION 4,UFV MURION 4,UFV MURION 4,UFV MURION 4,UFV MURION 4
UFV CHATEAU FORT 9,UFV OURO 16,UFV PARATINGA III,UFV MURION 5,UFV MURION 5,UFV MURION 5,UFV MURION 5,UFV MURION 5
UFV CURRALINHO I,UFV OURO 17,UFV PARATINGA IV,UFV MURION 6,UFV MURION 6,UFV MURION 6,UFV MURION 6,UFV MURION 6
UFV CURRALINHO II,UFV OURO 18,UFV AVENTURA SOLAR,UFV MURION 7,UFV MURION 7,UFV MURION 7,UFV MURION 7,UFV MURION 7
UFV FOTONS DE SAO MAGNO 01,UFV SKY SAO MAMEDE I,UFV MORADA DO SOL 1,UFV MURION 8,UFV MURION 8,UFV MURION 8,UFV MURION 8,UFV MURION 8
UFV FOTONS DE SAO MAGNO 02,UFV SKY SAO MAMEDE II,UFV MORADA DO SOL 2,UFV NELORE 1,UFV NELORE 1,UFV NELORE 1,UFV NELORE 1,UFV NELORE 1
UFV FOTONS DE SAO MAGNO 03,UFV SKY SAO MAMEDE III,UFV MORADA DO SOL 3,UFV NELORE 2,UFV NELORE 2,UFV NELORE 2,UFV NELORE 2,UFV NELORE 2
UFV FOTONS DE SAO MAGNO 04,UFV SKY SAO MAMEDE IV,UFV MORADA DO SOL 4,UFV NELORE 3,UFV NELORE 3,UFV NELORE 3,UFV NELORE 3,UFV NELORE 3
UFV FOTONS DE SAO MAGNO 05,UFV SKY SAO MAMEDE V,UFV MORADA DO SOL 5,UFV NELORE 4,UFV NELORE 4,UFV NELORE 4,UFV NELORE 4,UFV NELORE 4
UFV FOTONS DE SAO MAGNO 06,UFV SKY SAO MAMEDE VI,UFV MORADA DO SOL 6,UFV NELORE 5,UFV NELORE 5,UFV NELORE 5,UFV NELORE 5,UFV NELORE 5
UFV FOTONS DE SAO MAGNO 07,UFV SKY SAO MAMEDE VII,UFV OURO 1,UFV NOVA ESPERANCA 1,UFV NOVA ESPERANCA 1,UFV NOVA ESPERANCA 1,UFV NOVA ESPERANCA 1,UFV NOVA ESPERANCA 1
UFV FOTONS DE SAO MAGNO 08,UFV SKY SAO MAMEDE VIII,UFV OURO 2,UFV NOVA ESPERANCA 2,UFV NOVA ESPERANCA 2,UFV NOVA ESPERANCA 2,UFV NOVA ESPERANCA 2,UFV NOVA ESPERANCA 2
UFV FUTURO II,UFV SKY SAO MAMEDE IX,UFV OURO 3,UFV NOVA ESPERANCA 3,UFV NOVA ESPERANCA 3,UFV NOVA ESPERANCA 3,UFV NOVA ESPERANCA 3,UFV NOVA ESPERANCA 3
UFV FUTURO III,UFV SKY SAO MAMEDE X,UFV OURO 4,UFV NOVA SERGIPE 1,UFV NOVA SERGIPE 1,UFV NOVA SERGIPE 1,UFV NOVA SERGIPE 1,UFV NOVA SERGIPE 1
UFV FUTURO IV,UFV SERRA DO MEL VIII,UFV OURO 5,UFV NOVA SERGIPE 2,UFV NOVA SERGIPE 2,UFV NOVA SERGIPE 2,UFV NOVA SERGIPE 2,UFV NOVA SERGIPE 2
UFV FUTURO V,UFV ALEGRE II,UFV OURO 6,UFV NOVA SERGIPE 3,UFV NOVA SERGIPE 3,UFV NOVA SERGIPE 3,UFV NOVA SERGIPE 3,UFV NOVA SERGIPE 3
UFV GOLD SOLAR,UFV ALEGRE I,UFV OURO 7,UFV NOVA SERGIPE 4,UFV NOVA SERGIPE 4,UFV NOVA SERGIPE 4,UFV NOVA SERGIPE 4,UFV NOVA SERGIPE 4
UFV MALHADA I,UFV ALEGRE III,UFV OURO 8,UFV NOVA SERGIPE 5,UFV NOVA SERGIPE 5,UFV NOVA SERGIPE 5,UFV NOVA SERGIPE 5,UFV NOVA SERGIPE 5
UFV MALHADA III,UFV ALEGRE IV,UFV OURO 9,UFV NOVA SERGIPE 6,UFV NOVA SERGIPE 6,UFV NOVA SERGIPE 6,UFV NOVA SERGIPE 6,UFV NOVA SERGIPE 6
UFV NOVA SERGIPE 1,UFV ALEGRE V,UFV OURO 10,UFV NOVA SERGIPE 7,UFV NOVA SERGIPE 7,UFV NOVA SERGIPE 7,UFV NOVA SERGIPE 7,UFV NOVA SERGIPE 7
UFV NOVA SERGIPE 2,UFV ALEGRE VI,UFV OURO 11,UFV NOVA SERGIPE 8,UFV NOVA SERGIPE 8,UFV NOVA SERGIPE 8,UFV NOVA SERGIPE 8,UFV NOVA SERGIPE 8
UFV NOVA SERGIPE 3,UFV ALEGRE VII,UFV OURO 12,UFV NOVO LAPA MP 1,UFV NOVO LAPA MP 1,UFV NOVO LAPA MP 1,UFV NOVO LAPA MP 1,UFV NOVO LAPA MP 1
UFV NOVA SERGIPE 4,UFV BARRA DA ONCA I,UFV OURO 13,UFV NOVO LAPA MP 2,UFV NOVO LAPA MP 2,UFV NOVO LAPA MP 2,UFV NOVO LAPA MP 2,UFV NOVO LAPA MP 2
UFV NOVA SERGIPE 5,UFV BARRA DA ONCA II,UFV OURO 14,UFV NOVO LAPA MP 3,UFV NOVO LAPA MP 3,UFV NOVO LAPA MP 3,UFV NOVO LAPA MP 3,UFV NOVO LAPA MP 3
UFV NOVA SERGIPE 6,UFV BARRA DA ONCA III,UFV OURO 15,UFV NOVO LAPA MP 4,UFV NOVO LAPA MP 4,UFV NOVO LAPA MP 4,UFV NOVO LAPA MP 4,UFV NOVO LAPA MP 4
UFV NOVA SERGIPE 7,UFV BARRA DA ONCA IV,UFV OURO 16,UFV NOVO LAPA MP 5,UFV NOVO LAPA MP 5,UFV NOVO LAPA MP 5,UFV NOVO LAPA MP 5,UFV NOVO LAPA MP 5
UFV NOVA SERGIPE 8,UFV BOCA DO RIACHO 1,UFV OURO 17,UFV NOVO LAPA MP 6,UFV NOVO LAPA MP 6,UFV NOVO LAPA MP 6,UFV NOVO LAPA MP 6,UFV NOVO LAPA MP 6
UFV NOVO LAPA MP 1,UFV BOCA DO RIACHO 11,UFV OURO 18,UFV NOVO LAPA MP 7,UFV NOVO LAPA MP 7,UFV NOVO LAPA MP 7,UFV NOVO LAPA MP 7,UFV NOVO LAPA MP 7
UFV NOVO LAPA MP 2,UFV BOCA DO RIACHO 12,UFV SKY SAO MAMEDE I,UFV NOVO LAPA MP 8,UFV NOVO LAPA MP 8,UFV NOVO LAPA MP 8,UFV NOVO LAPA MP 8,UFV NOVO LAPA MP 8
UFV NOVO LAPA MP 3,UFV BOCA DO RIACHO 13,UFV SKY SAO MAMEDE II,UFV ORQUIDEA I,UFV ORQUIDEA I,UFV ORQUIDEA I,UFV ORQUIDEA I,UFV ORQUIDEA I
UFV NOVO LAPA MP 4,UFV BOCA DO RIACHO 14,UFV SKY SAO MAMEDE III,UFV ORQUIDEA II,UFV ORQUIDEA II,UFV ORQUIDEA II,UFV ORQUIDEA II,UFV ORQUIDEA II
UFV NOVO LAPA MP 5,UFV BOCA DO RIACHO 15,UFV SKY SAO MAMEDE IV,UFV ORQUIDEA III,UFV ORQUIDEA III,UFV ORQUIDEA III,UFV ORQUIDEA III,UFV ORQUIDEA III
UFV NOVO LAPA MP 6,UFV BOCA DO RIACHO 16,UFV SKY SAO MAMEDE V,UFV ORQUIDEA IV,UFV ORQUIDEA IV,UFV ORQUIDEA IV,UFV ORQUIDEA IV,UFV ORQUIDEA IV
UFV NOVO LAPA MP 7,UFV BOCA DO RIACHO 17,UFV SKY SAO MAMEDE VI,UFV ORQUIDEA V,UFV ORQUIDEA V,UFV ORQUIDEA V,UFV ORQUIDEA V,UFV ORQUIDEA V
UFV NOVO LAPA MP 8,UFV BOCA DO RIACHO 18,UFV SKY SAO MAMEDE VII,UFV ORQUIDEA VI,UFV ORQUIDEA VI,UFV ORQUIDEA VI,UFV ORQUIDEA VI,UFV ORQUIDEA VI
UFV SAO JOAO DO PIAUI I,UFV BOCA DO RIACHO 19,UFV SKY SAO MAMEDE VIII,UFV OURO 1,UFV OURO 1,UFV OURO 1,UFV OURO 1,UFV OURO 1
UFV SAO JOAO DO PIAUI II,UFV BOCA DO RIACHO 2,UFV SKY SAO MAMEDE IX,UFV OURO 10,UFV OURO 10,UFV OURO 10,UFV OURO 10,UFV OURO 10
UFV SAO JOAO DO PIAUI III,UFV BOCA DO RIACHO 3,UFV SKY SAO MAMEDE X,UFV OURO 11,UFV OURO 11,UFV OURO 11,UFV OURO 11,UFV OURO 11
UFV VEA II 1,UFV BOCA DO RIACHO 4,UFV SERRA DO MEL VIII,UFV OURO 12,UFV OURO 12,UFV OURO 12,UFV OURO 12,UFV OURO 12
UFV VEA II 2,UFV BOCA DO RIACHO 5,UFV ALEGRE II,UFV OURO 13,UFV OURO 13,UFV OURO 13,UFV OURO 13,UFV OURO 13
UFV VEA II 3,UFV BOCA DO RIACHO 6,UFV ALEGRE I,UFV OURO 14,UFV OURO 14,UFV OURO 14,UFV OURO 14,UFV OURO 14
UFV VEA II 4,UFV BOCA DO RIACHO 7,UFV ALEGRE III,UFV OURO 15,UFV OURO 15,UFV OURO 15,UFV OURO 15,UFV OURO 15
UFV VEA II 5,UFV BOCA DO RIACHO 8,UFV ALEGRE IV,UFV OURO 16,UFV OURO 16,UFV OURO 16,UFV OURO 16,UFV OURO 16
UFV VEA II 6,UFV BOCA DO RIACHO 9,UFV ALEGRE V,UFV OURO 17,UFV OURO 17,UFV OURO 17,UFV OURO 17,UFV OURO 17
UFV VEA II 7,UFV CHATEAU FORT 1,UFV ALEGRE VI,UFV OURO 18,UFV OURO 18,UFV OURO 18,UFV OURO 18,UFV OURO 18
UFV VEA II 8,UFV CHATEAU FORT 10,UFV ALEGRE VII,UFV OURO 2,UFV OURO 2,UFV OURO 2,UFV OURO 2,UFV OURO 2
UFV VEA II 9,UFV CHATEAU FORT 2,UFV BARRA DA ONCA I,UFV OURO 3,UFV OURO 3,UFV OURO 3,UFV OURO 3,UFV OURO 3
UFV VEA II 10,UFV CHATEAU FORT 3,UFV BARRA DA ONCA II,UFV OURO 4,UFV OURO 4,UFV OURO 4,UFV OURO 4,UFV OURO 4
UFV VEA II 11,UFV CHATEAU FORT 4,UFV BARRA DA ONCA III,UFV OURO 5,UFV OURO 5,UFV OURO 5,UFV OURO 5,UFV OURO 5
UFV QUIXADA 1,UFV CHATEAU FORT 5,UFV BARRA DA ONCA IV,UFV OURO 6,UFV OURO 6,UFV OURO 6,UFV OURO 6,UFV OURO 6
UFV QUIXADA 2,UFV CHATEAU FORT 6,UFV BOCA DO RIACHO 1,UFV OURO 7,UFV OURO 7,UFV OURO 7,UFV OURO 7,UFV OURO 7
UFV SOL DO AGRESTE I,UFV CHATEAU FORT 7,UFV BOCA DO RIACHO 11,UFV OURO 8,UFV OURO 8,UFV OURO 8,UFV OURO 8,UFV OURO 8
UFV SOL DO AGRESTE II,UFV CHATEAU FORT 8,UFV BOCA DO RIACHO 12,UFV OURO 9,UFV OURO 9,UFV OURO 9,UFV OURO 9,UFV OURO 9
UFV SOL DE JANA 1,UFV CHATEAU FORT 9,UFV BOCA DO RIACHO 13,UFV PARANAIBA 1,UFV PARANAIBA 1,UFV PARANAIBA 1,UFV PARANAIBA 1,UFV PARANAIBA 1
UFV SOL DE JANA 10,UFV CURRALINHO I,UFV BOCA DO RIACHO 14,UFV PARANAIBA 10,UFV PARANAIBA 10,UFV PARANAIBA 10,UFV PARANAIBA 10,UFV PARANAIBA 10
UFV SOL DE JANA 11,UFV CURRALINHO II,UFV BOCA DO RIACHO 15,UFV PARANAIBA 11,UFV PARANAIBA 11,UFV PARANAIBA 11,UFV PARANAIBA 11,UFV PARANAIBA 11
UFV SOL DE JANA 12,UFV FOTONS DE SAO MAGNO 01,UFV BOCA DO RIACHO 16,UFV PARANAIBA 2,UFV PARANAIBA 2,UFV PARANAIBA 2,UFV PARANAIBA 2,UFV PARANAIBA 2
UFV SOL DE JANA 13,UFV FOTONS DE SAO MAGNO 02,UFV BOCA DO RIACHO 17,UFV PARANAIBA 3,UFV PARANAIBA 3,UFV PARANAIBA 3,UFV PARANAIBA 3,UFV PARANAIBA 3
UFV SOL DE JANA 2,UFV FOTONS DE SAO MAGNO 03,UFV BOCA DO RIACHO 18,UFV PARANAIBA 4,UFV PARANAIBA 4,UFV PARANAIBA 4,UFV PARANAIBA 4,UFV PARANAIBA 4
UFV SOL DE JANA 3,UFV FOTONS DE SAO MAGNO 04,UFV BOCA DO RIACHO 19,UFV PARANAIBA 5,UFV PARANAIBA 5,UFV PARANAIBA 5,UFV PARANAIBA 5,UFV PARANAIBA 5
UFV SOL DE JANA 4,UFV FOTONS DE SAO MAGNO 05,UFV BOCA DO RIACHO 2,UFV PARANAIBA 6,UFV PARANAIBA 6,UFV PARANAIBA 6,UFV PARANAIBA 6,UFV PARANAIBA 6
UFV SOL DE JANA 5,UFV FOTONS DE SAO MAGNO 06,UFV BOCA DO RIACHO 3,UFV PARANAIBA 7,UFV PARANAIBA 7,UFV PARANAIBA 7,UFV PARANAIBA 7,UFV PARANAIBA 7
UFV SOL DE JANA 6,UFV FOTONS DE SAO MAGNO 07,UFV BOCA DO RIACHO 4,UFV PARANAIBA 8,UFV PARANAIBA 8,UFV PARANAIBA 8,UFV PARANAIBA 8,UFV PARANAIBA 8
UFV SOL DE JANA 7,UFV FOTONS DE SAO MAGNO 08,UFV BOCA DO RIACHO 5,UFV PARANAIBA 9,UFV PARANAIBA 9,UFV PARANAIBA 9,UFV PARANAIBA 9,UFV PARANAIBA 9
UFV SOL DE JANA 8,UFV FUTURO II,UFV BOCA DO RIACHO 6,UFV PARATINGA I,UFV PARATINGA I,UFV PARATINGA I,UFV PARATINGA I,UFV PARATINGA I
UFV SOL DE JANA 9,UFV FUTURO III,UFV BOCA DO RIACHO 7,UFV PARATINGA II,UFV PARATINGA II,UFV PARATINGA II,UFV PARATINGA II,UFV PARATINGA II
UFV PARQUE SOLAR PIRAPORA 1,UFV FUTURO IV,UFV BOCA DO RIACHO 8,UFV PARATINGA III,UFV PARATINGA III,UFV PARATINGA III,UFV PARATINGA III,UFV PARATINGA III
UFV PARQUE SOLAR PIRAPORA 2,UFV FUTURO V,UFV BOCA DO RIACHO 9,UFV PARATINGA IV,UFV PARATINGA IV,UFV PARATINGA IV,UFV PARATINGA IV,UFV PARATINGA IV
UFV PARQUE SOLAR PIRAPORA 3,UFV GOLD SOLAR,UFV CHATEAU FORT 1,UFV PARQUE SOLAR PIRAPORA 1,UFV PARQUE SOLAR PIRAPORA 1,UFV PARQUE SOLAR PIRAPORA 1,UFV PARQUE SOLAR PIRAPORA 1,UFV PARQUE SOLAR PIRAPORA 1
UFV PARQUE SOLAR PIRAPORA 4,UFV MALHADA I,UFV CHATEAU FORT 10,UFV PARQUE SOLAR PIRAPORA 10,UFV PARQUE SOLAR PIRAPORA 10,UFV PARQUE SOLAR PIRAPORA 10,UFV PARQUE SOLAR PIRAPORA 10,UFV PARQUE SOLAR PIRAPORA 10
UFV PARQUE SOLAR PIRAPORA 5,UFV MALHADA III,UFV CHATEAU FORT 2,UFV PARQUE SOLAR PIRAPORA 2,UFV PARQUE SOLAR PIRAPORA 2,UFV PARQUE SOLAR PIRAPORA 2,UFV PARQUE SOLAR PIRAPORA 2,UFV PARQUE SOLAR PIRAPORA 2
UFV PARQUE SOLAR PIRAPORA 6,UFV NOVA SERGIPE 1,UFV CHATEAU FORT 3,UFV PARQUE SOLAR PIRAPORA 3,UFV PARQUE SOLAR PIRAPORA 3,UFV PARQUE SOLAR PIRAPORA 3,UFV PARQUE SOLAR PIRAPORA 3,UFV PARQUE SOLAR PIRAPORA 3
UFV PARQUE SOLAR PIRAPORA 7,UFV NOVA SERGIPE 2,UFV CHATEAU FORT 4,UFV PARQUE SOLAR PIRAPORA 4,UFV PARQUE SOLAR PIRAPORA 4,UFV PARQUE SOLAR PIRAPORA 4,UFV PARQUE SOLAR PIRAPORA 4,UFV PARQUE SOLAR PIRAPORA 4
UFV PARQUE SOLAR PIRAPORA 8,UFV NOVA SERGIPE 3,UFV CHATEAU FORT 5,UFV PARQUE SOLAR PIRAPORA 5,UFV PARQUE SOLAR PIRAPORA 5,UFV PARQUE SOLAR PIRAPORA 5,UFV PARQUE SOLAR PIRAPORA 5,UFV PARQUE SOLAR PIRAPORA 5
UFV PARQUE SOLAR PIRAPORA 9,UFV NOVA SERGIPE 4,UFV CHATEAU FORT 6,UFV PARQUE SOLAR PIRAPORA 6,UFV PARQUE SOLAR PIRAPORA 6,UFV PARQUE SOLAR PIRAPORA 6,UFV PARQUE SOLAR PIRAPORA 6,UFV PARQUE SOLAR PIRAPORA 6
UFV PARQUE SOLAR PIRAPORA 10,UFV NOVA SERGIPE 5,UFV CHATEAU FORT 7,UFV PARQUE SOLAR PIRAPORA 7,UFV PARQUE SOLAR PIRAPORA 7,UFV PARQUE SOLAR PIRAPORA 7,UFV PARQUE SOLAR PIRAPORA 7,UFV PARQUE SOLAR PIRAPORA 7
UFV GS LASSANCE SOLAR 01,UFV NOVA SERGIPE 6,UFV CHATEAU FORT 8,UFV PARQUE SOLAR PIRAPORA 8,UFV PARQUE SOLAR PIRAPORA 8,UFV PARQUE SOLAR PIRAPORA 8,UFV PARQUE SOLAR PIRAPORA 8,UFV PARQUE SOLAR PIRAPORA 8
UFV GS LASSANCE SOLAR 02,UFV NOVA SERGIPE 7,UFV CHATEAU FORT 9,UFV PARQUE SOLAR PIRAPORA 9,UFV PARQUE SOLAR PIRAPORA 9,UFV PARQUE SOLAR PIRAPORA 9,UFV PARQUE SOLAR PIRAPORA 9,UFV PARQUE SOLAR PIRAPORA 9
UFV GS LASSANCE SOLAR 03,UFV NOVA SERGIPE 8,UFV CURRALINHO I,UFV PRESIDENTE JK 01,UFV PRESIDENTE JK 01,UFV PRESIDENTE JK 01,UFV PRESIDENTE JK 01,UFV PRESIDENTE JK 01
UFV GS LASSANCE SOLAR 04,UFV NOVO LAPA MP 1,UFV CURRALINHO II,UFV PRESIDENTE JK 02,UFV PRESIDENTE JK 02,UFV PRESIDENTE JK 02,UFV PRESIDENTE JK 02,UFV PRESIDENTE JK 02
UFV GS LASSANCE SOLAR 05,UFV NOVO LAPA MP 2,UFV FOTONS DE SAO MAGNO 01,UFV PRESIDENTE JK 03,UFV PRESIDENTE JK 03,UFV PRESIDENTE JK 03,UFV PRESIDENTE JK 03,UFV PRESIDENTE JK 03
UFV GS LASSANCE SOLAR 06,UFV NOVO LAPA MP 3,UFV FOTONS DE SAO MAGNO 02,UFV PRESIDENTE JK 04,UFV PRESIDENTE JK 04,UFV PRESIDENTE JK 04,UFV PRESIDENTE JK 04,UFV PRESIDENTE JK 04
UFV GS LASSANCE SOLAR 07,UFV NOVO LAPA MP 4,UFV FOTONS DE SAO MAGNO 03,UFV PRESIDENTE JK 05,UFV PRESIDENTE JK 05,UFV PRESIDENTE JK 05,UFV PRESIDENTE JK 05,UFV PRESIDENTE JK 05
UFV GS LASSANCE SOLAR 08,UFV NOVO LAPA MP 5,UFV FOTONS DE SAO MAGNO 04,UFV PRESIDENTE JK 06,UFV PRESIDENTE JK 06,UFV PRESIDENTE JK 06,UFV PRESIDENTE JK 06,UFV PRESIDENTE JK 06
UFV GS LASSANCE SOLAR 09,UFV NOVO LAPA MP 6,UFV FOTONS DE SAO MAGNO 05,UFV PRESIDENTE JK 07,UFV PRESIDENTE JK 07,UFV PRESIDENTE JK 07,UFV PRESIDENTE JK 07,UFV PRESIDENTE JK 07
UFV FOTONS DE SAO CLAUS 01,UFV NOVO LAPA MP 7,UFV FOTONS DE SAO MAGNO 06,UFV PRESIDENTE JK 08,UFV PRESIDENTE JK 08,UFV PRESIDENTE JK 08,UFV PRESIDENTE JK 08,UFV PRESIDENTE JK 08
UFV FOTONS DE SAO CLAUS 02,UFV NOVO LAPA MP 8,UFV FOTONS DE SAO MAGNO 07,UFV PRESIDENTE JK 09,UFV PRESIDENTE JK 09,UFV PRESIDENTE JK 09,UFV PRESIDENTE JK 09,UFV PRESIDENTE JK 09
UFV FOTONS DE SAO CLAUS 03,UFV SAO JOAO DO PIAUI I,UFV FOTONS DE SAO MAGNO 08,UFV PRESIDENTE JK 10,UFV PRESIDENTE JK 10,UFV PRESIDENTE JK 10,UFV PRESIDENTE JK 10,UFV PRESIDENTE JK 10
UFV FOTONS DE SAO CLAUS 04,UFV SAO JOAO DO PIAUI II,UFV FUTURO II,UFV PRESIDENTE JK 11,UFV PRESIDENTE JK 11,UFV PRESIDENTE JK 11,UFV PRESIDENTE JK 11,UFV PRESIDENTE JK 11
UFV FOTONS DE SAO CLAUS 05,UFV SAO JOAO DO PIAUI III,UFV FUTURO III,UFV PRESIDENTE JK 12,UFV PRESIDENTE JK 12,UFV PRESIDENTE JK 12,UFV PRESIDENTE JK 12,UFV PRESIDENTE JK 12
UFV FOTONS DE SAO CLAUS 06,UFV VEA II 1,UFV FUTURO IV,UFV PRESIDENTE JUSCELINO I,UFV PRESIDENTE JUSCELINO I,UFV PRESIDENTE JUSCELINO I,UFV PRESIDENTE JUSCELINO I,UFV PRESIDENTE JUSCELINO I
UFV FOTONS DE SAO CLAUS 07,UFV VEA II 2,UFV FUTURO V,UFV PRESIDENTE JUSCELINO II,UFV PRESIDENTE JUSCELINO II,UFV PRESIDENTE JUSCELINO II,UFV PRESIDENTE JUSCELINO II,UFV PRESIDENTE JUSCELINO II
UFV NOVA ESPERANCA 1,UFV VEA II 3,UFV GOLD SOLAR,UFV QUIXADA 1,UFV QUIXADA 1,UFV QUIXADA 1,UFV QUIXADA 1,UFV QUIXADA 1
UFV NOVA ESPERANCA 2,UFV VEA II 4,UFV MALHADA I,UFV QUIXADA 2,UFV QUIXADA 2,UFV QUIXADA 2,UFV QUIXADA 2,UFV QUIXADA 2
UFV NOVA ESPERANCA 3,UFV VEA II 5,UFV MALHADA III,UFV RAIOS DE SAO FRANCISCO V,UFV RAIOS DE SAO FRANCISCO V,UFV RAIOS DE SAO FRANCISCO V,UFV RAIOS DE SAO FRANCISCO V,UFV RAIOS DE SAO FRANCISCO V
UFV RAIOS DE SAO FRANCISCO V,UFV VEA II 6,UFV NOVA SERGIPE 1,UFV RAIOS DE SAO FRANCISCO VI,UFV RAIOS DE SAO FRANCISCO VI,UFV RAIOS DE SAO FRANCISCO VI,UFV RAIOS DE SAO FRANCISCO VI,UFV RAIOS DE SAO FRANCISCO VI
UFV RAIOS DE SAO FRANCISCO VI,UFV VEA II 7,UFV NOVA SERGIPE 2,UFV RAIOS DO PARNAIBA IV,UFV RAIOS DO PARNAIBA IV,UFV RAIOS DO PARNAIBA IV,UFV RAIOS DO PARNAIBA IV,UFV RAIOS DO PARNAIBA IV
UFV CANOA GRANDE IV,UFV VEA II 8,UFV NOVA SERGIPE 3,UFV RAIOS DO PARNAIBA X,UFV RAIOS DO PARNAIBA X,UFV RAIOS DO PARNAIBA X,UFV RAIOS DO PARNAIBA X,UFV RAIOS DO PARNAIBA X
UFV CANOA GRANDE IX,UFV VEA II 9,UFV NOVA SERGIPE 4,UFV RAIOS DO POETA I,UFV RAIOS DO POETA I,UFV RAIOS DO POETA I,UFV RAIOS DO POETA I,UFV RAIOS DO POETA I
UFV CANOA GRANDE X,UFV VEA II 10,UFV NOVA SERGIPE 5,UFV RAIOS DO POETA II,UFV RAIOS DO POETA II,UFV RAIOS DO POETA II,UFV RAIOS DO POETA II,UFV RAIOS DO POETA II
UFV CANOA GRANDE XI,UFV VEA II 11,UFV NOVA SERGIPE 6,UFV RIBEIRO GONCALVES V,UFV RIBEIRO GONCALVES V,UFV RIBEIRO GONCALVES V,UFV RIBEIRO GONCALVES V,UFV RIBEIRO GONCALVES V
UFV SOL DO AGRESTE III,UFV QUIXADA 1,UFV NOVA SERGIPE 7,UFV SAO JOAO DO PIAUI I,UFV SAO JOAO DO PIAUI I,UFV SAO JOAO DO PIAUI I,UFV SAO JOAO DO PIAUI I,UFV SAO JOAO DO PIAUI I
UFV SOL DO AGRESTE IV,UFV QUIXADA 2,UFV NOVA SERGIPE 8,UFV SAO JOAO DO PIAUI II,UFV SAO JOAO DO PIAUI II,UFV SAO JOAO DO PIAUI II,UFV SAO JOAO DO PIAUI II,UFV SAO JOAO DO PIAUI II
UFV SOL DO AGRESTE V,UFV SOL DO AGRESTE I,UFV NOVO LAPA MP 1,UFV SAO JOAO DO PIAUI III,UFV SAO JOAO DO PIAUI III,UFV SAO JOAO DO PIAUI III,UFV SAO JOAO DO PIAUI III,UFV SAO JOAO DO PIAUI III
UFV HELIOS 1,UFV SOL DO AGRESTE II,UFV NOVO LAPA MP 2,UFV SERRA DO MEL IX,UFV SERRA DO MEL IX,UFV SERRA DO MEL IX,UFV SERRA DO MEL IX,UFV SERRA DO MEL IX
UFV HELIOS 2,UFV SOL DE JANA 1,UFV NOVO LAPA MP 3,UFV SERRA DO MEL VIII,UFV SERRA DO MEL VIII,UFV SERRA DO MEL VIII,UFV SERRA DO MEL VIII,UFV SERRA DO MEL VIII
UFV SOLAR SAO SIMAO,UFV SOL DE JANA 10,UFV NOVO LAPA MP 4,UFV SERRA DO MEL X,UFV SERRA DO MEL X,UFV SERRA DO MEL X,UFV SERRA DO MEL X,UFV SERRA DO MEL X
UFV SOLAR DAS LARANJEIRAS 1,UFV SOL DE JANA 11,UFV NOVO LAPA MP 5,UFV SKY ARINOS I,UFV SKY ARINOS I,UFV SKY ARINOS I,UFV SKY ARINOS I,UFV SKY ARINOS I
UFV SOLAR DAS LARANJEIRAS 2,UFV SOL DE JANA 12,UFV NOVO LAPA MP 6,UFV SKY ARINOS II,UFV SKY ARINOS II,UFV SKY ARINOS II,UFV SKY ARINOS II,UFV SKY ARINOS II
UFV SOLAR DAS LARANJEIRAS 3,UFV SOL DE JANA 13,UFV NOVO LAPA MP 7,UFV SKY ARINOS III,UFV SKY ARINOS III,UFV SKY ARINOS III,UFV SKY ARINOS III,UFV SKY ARINOS III
UFV SOLAR DAS LARANJEIRAS 4,UFV SOL DE JANA 2,UFV NOVO LAPA MP 8,UFV SKY ARINOS IV,UFV SKY ARINOS IV,UFV SKY ARINOS IV,UFV SKY ARINOS IV,UFV SKY ARINOS IV
UFV SOLAR DAS LARANJEIRAS 5,UFV SOL DE JANA 3,UFV SAO JOAO DO PIAUI I,UFV SKY ARINOS V,UFV SKY ARINOS V,UFV SKY ARINOS V,UFV SKY ARINOS V,UFV SKY ARINOS V
UFV SOLAR DAS LARANJEIRAS 6,UFV SOL DE JANA 4,UFV SAO JOAO DO PIAUI II,UFV SKY ARINOS VI,UFV SKY ARINOS VI,UFV SKY ARINOS VI,UFV SKY ARINOS VI,UFV SKY ARINOS VI
UFV SOLAR DAS LARANJEIRAS 7,UFV SOL DE JANA 5,UFV SAO JOAO DO PIAUI III,UFV SKY ARINOS VII,UFV SKY ARINOS VII,UFV SKY ARINOS VII,UFV SKY ARINOS VII,UFV SKY ARINOS VII
UFV CUMARU SOLAR 01,UFV SOL DE JANA 6,UFV VEA II 1,UFV SKY ARINOS VIII,UFV SKY ARINOS VIII,UFV SKY ARINOS VIII,UFV SKY ARINOS VIII,UFV SKY ARINOS VIII
UFV CUMARU SOLAR 02,UFV SOL DE JANA 7,UFV VEA II 2,UFV SKY SAO MAMEDE I,UFV SKY SAO MAMEDE I,UFV SKY SAO MAMEDE I,UFV SKY SAO MAMEDE I,UFV SKY SAO MAMEDE I
UFV MORRO PRETO 1,UFV SOL DE JANA 8,UFV VEA II 3,UFV SKY SAO MAMEDE II,UFV SKY SAO MAMEDE II,UFV SKY SAO MAMEDE II,UFV SKY SAO MAMEDE II,UFV SKY SAO MAMEDE II
UFV MORRO PRETO 2,UFV SOL DE JANA 9,UFV VEA II 4,UFV SKY SAO MAMEDE III,UFV SKY SAO MAMEDE III,UFV SKY SAO MAMEDE III,UFV SKY SAO MAMEDE III,UFV SKY SAO MAMEDE III
UFV MORRO PRETO 3,UFV PARQUE SOLAR PIRAPORA 1,UFV VEA II 5,UFV SKY SAO MAMEDE IV,UFV SKY SAO MAMEDE IV,UFV SKY SAO MAMEDE IV,UFV SKY SAO MAMEDE IV,UFV SKY SAO MAMEDE IV
UFV MORRO PRETO 4,UFV PARQUE SOLAR PIRAPORA 2,UFV VEA II 6,UFV SKY SAO MAMEDE IX,UFV SKY SAO MAMEDE IX,UFV SKY SAO MAMEDE IX,UFV SKY SAO MAMEDE IX,UFV SKY SAO MAMEDE IX
UFV MORRO PRETO 5,UFV PARQUE SOLAR PIRAPORA 3,UFV VEA II 7,UFV SKY SAO MAMEDE V,UFV SKY SAO MAMEDE V,UFV SKY SAO MAMEDE V,UFV SKY SAO MAMEDE V,UFV SKY SAO MAMEDE V
UFV MORRO PRETO 6,UFV PARQUE SOLAR PIRAPORA 4,UFV VEA II 8,UFV SKY SAO MAMEDE VI,UFV SKY SAO MAMEDE VI,UFV SKY SAO MAMEDE VI,UFV SKY SAO MAMEDE VI,UFV SKY SAO MAMEDE VI
UFV MORRO PRETO 7,UFV PARQUE SOLAR PIRAPORA 5,UFV VEA II 9,UFV SKY SAO MAMEDE VII,UFV SKY SAO MAMEDE VII,UFV SKY SAO MAMEDE VII,UFV SKY SAO MAMEDE VII,UFV SKY SAO MAMEDE VII
UFV MORRO PRETO 8,UFV PARQUE SOLAR PIRAPORA 6,UFV VEA II 10,UFV SKY SAO MAMEDE VIII,UFV SKY SAO MAMEDE VIII,UFV SKY SAO MAMEDE VIII,UFV SKY SAO MAMEDE VIII,UFV SKY SAO MAMEDE VIII
UFV MORRO PRETO 9,UFV PARQUE SOLAR PIRAPORA 7,UFV VEA II 11,UFV SKY SAO MAMEDE X,UFV SKY SAO MAMEDE X,UFV SKY SAO MAMEDE X,UFV SKY SAO MAMEDE X,UFV SKY SAO MAMEDE X
UFV MORRO PRETO 10,UFV PARQUE SOLAR PIRAPORA 8,UFV QUIXADA 1,UFV SOBRAL I,UFV SOBRAL I,UFV SOBRAL I,UFV SOBRAL I,UFV SOBRAL I
UFV MORRO PRETO 11,UFV PARQUE SOLAR PIRAPORA 9,UFV QUIXADA 2,UFV SOL DE JANA 1,UFV SOL DE JANA 1,UFV SOL DE JANA 1,UFV SOL DE JANA 1,UFV SOL DE JANA 1
UFV MORRO PRETO 12,UFV PARQUE SOLAR PIRAPORA 10,UFV SOL DO AGRESTE I,UFV SOL DE JANA 10,UFV SOL DE JANA 10,UFV SOL DE JANA 10,UFV SOL DE JANA 10,UFV SOL DE JANA 10
UFV MORRO PRETO 13,UFV GS LASSANCE SOLAR 01,UFV SOL DO AGRESTE II,UFV SOL DE JANA 11,UFV SOL DE JANA 11,UFV SOL DE JANA 11,UFV SOL DE JANA 11,UFV SOL DE JANA 11
UFV MORRO PRETO 14,UFV GS LASSANCE SOLAR 02,UFV SOL DE JANA 1,UFV SOL DE JANA 12,UFV SOL DE JANA 12,UFV SOL DE JANA 12,UFV SOL DE JANA 12,UFV SOL DE JANA 12
UFV MORRO PRETO 15,UFV GS LASSANCE SOLAR 03,UFV SOL DE JANA 10,UFV SOL DE JANA 13,UFV SOL DE JANA 13,UFV SOL DE JANA 13,UFV SOL DE JANA 13,UFV SOL DE JANA 13
UFV MORRO PRETO 16,UFV GS LASSANCE SOLAR 04,UFV SOL DE JANA 11,UFV SOL DE JANA 2,UFV SOL DE JANA 2,UFV SOL DE JANA 2,UFV SOL DE JANA 2,UFV SOL DE JANA 2
UFV MORRO PRETO 17,UFV GS LASSANCE SOLAR 05,UFV SOL DE JANA 12,UFV SOL DE JANA 3,UFV SOL DE JANA 3,UFV SOL DE JANA 3,UFV SOL DE JANA 3,UFV SOL DE JANA 3
UFV MORRO PRETO 18,UFV GS LASSANCE SOLAR 06,UFV SOL DE JANA 13,UFV SOL DE JANA 4,UFV SOL DE JANA 4,UFV SOL DE JANA 4,UFV SOL DE JANA 4,UFV SOL DE JANA 4
UFV MORRO PRETO 19,UFV GS LASSANCE SOLAR 07,UFV SOL DE JANA 2,UFV SOL DE JANA 5,UFV SOL DE JANA 5,UFV SOL DE JANA 5,UFV SOL DE JANA 5,UFV SOL DE JANA 5
UFV MORRO PRETO 20,UFV GS LASSANCE SOLAR 08,UFV SOL DE JANA 3,UFV SOL DE JANA 6,UFV SOL DE JANA 6,UFV SOL DE JANA 6,UFV SOL DE JANA 6,UFV SOL DE JANA 6
UFV MORRO PRETO 21,UFV GS LASSANCE SOLAR 09,UFV SOL DE JANA 4,UFV SOL DE JANA 7,UFV SOL DE JANA 7,UFV SOL DE JANA 7,UFV SOL DE JANA 7,UFV SOL DE JANA 7
UFV MORRO PRETO 22,UFV FOTONS DE SAO CLAUS 01,UFV SOL DE JANA 5,UFV SOL DE JANA 8,UFV SOL DE JANA 8,UFV SOL DE JANA 8,UFV SOL DE JANA 8,UFV SOL DE JANA 8
UFV MORRO PRETO 23,UFV FOTONS DE SAO CLAUS 02,UFV SOL DE JANA 6,UFV SOL DE JANA 9,UFV SOL DE JANA 9,UFV SOL DE JANA 9,UFV SOL DE JANA 9,UFV SOL DE JANA 9
UFV MORRO PRETO 24,UFV FOTONS DE SAO CLAUS 03,UFV SOL DE JANA 7,UFV SOL DO AGRESTE I,UFV SOL DO AGRESTE I,UFV SOL DO AGRESTE I,UFV SOL DO AGRESTE I,UFV SOL DO AGRESTE I
UFV MORRO PRETO 25,UFV FOTONS DE SAO CLAUS 04,UFV SOL DE JANA 8,UFV SOL DO AGRESTE II,UFV SOL DO AGRESTE II,UFV SOL DO AGRESTE II,UFV SOL DO AGRESTE II,UFV SOL DO AGRESTE II
UFV MORRO PRETO 26,UFV FOTONS DE SAO CLAUS 05,UFV SOL DE JANA 9,UFV SOL DO AGRESTE III,UFV SOL DO AGRESTE III,UFV SOL DO AGRESTE III,UFV SOL DO AGRESTE III,UFV SOL DO AGRESTE III
UFV MORRO PRETO 27,UFV FOTONS DE SAO CLAUS 06,UFV PARQUE SOLAR PIRAPORA 1,UFV SOL DO AGRESTE IV,UFV SOL DO AGRESTE IV,UFV SOL DO AGRESTE IV,UFV SOL DO AGRESTE IV,UFV SOL DO AGRESTE IV
UFV MORRO PRETO 28,UFV FOTONS DE SAO CLAUS 07,UFV PARQUE SOLAR PIRAPORA 2,UFV SOL DO AGRESTE V,UFV SOL DO AGRESTE V,UFV SOL DO AGRESTE V,UFV SOL DO AGRESTE V,UFV SOL DO AGRESTE V
UFV MORRO PRETO 29,UFV ARAPUA 5,UFV PARQUE SOLAR PIRAPORA 3,UFV SOL DO SAO FRANCISCO,UFV SOL DO SAO FRANCISCO,UFV SOL DO SAO FRANCISCO,UFV SOL DO SAO FRANCISCO,UFV SOL DO SAO FRANCISCO
UFV MORRO PRETO 30,UFV ARAPUA 6,UFV PARQUE SOLAR PIRAPORA 4,UFV SOLAR DAS LARANJEIRAS 1,UFV SOLAR DAS LARANJEIRAS 1,UFV SOLAR DAS LARANJEIRAS 1,UFV SOLAR DAS LARANJEIRAS 1,UFV SOLAR DAS LARANJEIRAS 1
UFV MORRO PRETO 31,UFV ARAPUA 7,UFV PARQUE SOLAR PIRAPORA 5,UFV SOLAR DAS LARANJEIRAS 2,UFV SOLAR DAS LARANJEIRAS 2,UFV SOLAR DAS LARANJEIRAS 2,UFV SOLAR DAS LARANJEIRAS 2,UFV SOLAR DAS LARANJEIRAS 2
UFV MORRO PRETO 32,UFV ARAPUA 8,UFV PARQUE SOLAR PIRAPORA 6,UFV SOLAR DAS LARANJEIRAS 3,UFV SOLAR DAS LARANJEIRAS 3,UFV SOLAR DAS LARANJEIRAS 3,UFV SOLAR DAS LARANJEIRAS 3,UFV SOLAR DAS LARANJEIRAS 3
UFV MORRO PRETO 33,UFV NOVA ESPERANCA 1,UFV PARQUE SOLAR PIRAPORA 7,UFV SOLAR DAS LARANJEIRAS 4,UFV SOLAR DAS LARANJEIRAS 4,UFV SOLAR DAS LARANJEIRAS 4,UFV SOLAR DAS LARANJEIRAS 4,UFV SOLAR DAS LARANJEIRAS 4
UFV MORRO PRETO 34,UFV NOVA ESPERANCA 2,UFV PARQUE SOLAR PIRAPORA 8,UFV SOLAR DAS LARANJEIRAS 5,UFV SOLAR DAS LARANJEIRAS 5,UFV SOLAR DAS LARANJEIRAS 5,UFV SOLAR DAS LARANJEIRAS 5,UFV SOLAR DAS LARANJEIRAS 5
UFV MORRO PRETO 35,UFV NOVA ESPERANCA 3,UFV PARQUE SOLAR PIRAPORA 9,UFV SOLAR DAS LARANJEIRAS 6,UFV SOLAR DAS LARANJEIRAS 6,UFV SOLAR DAS LARANJEIRAS 6,UFV SOLAR DAS LARANJEIRAS 6,UFV SOLAR DAS LARANJEIRAS 6
UFV MORRO PRETO 36,UFV RAIOS DE SAO FRANCISCO V,UFV PARQUE SOLAR PIRAPORA 10,UFV SOLAR DAS LARANJEIRAS 7,UFV SOLAR DAS LARANJEIRAS 7,UFV SOLAR DAS LARANJEIRAS 7,UFV SOLAR DAS LARANJEIRAS 7,UFV SOLAR DAS LARANJEIRAS 7
UFV MORRO PRETO 37,UFV RAIOS DE SAO FRANCISCO VI,UFV GS LASSANCE SOLAR 01,UFV SOLAR IRECE 1,UFV SOLAR IRECE 1,UFV SOLAR IRECE 1,UFV SOLAR IRECE 1,UFV SOLAR IRECE 1
UFV MORRO PRETO 38,UFV CANOA GRANDE IV,UFV GS LASSANCE SOLAR 02,UFV SOLAR IRECE 2,UFV SOLAR IRECE 2,UFV SOLAR IRECE 2,UFV SOLAR IRECE 2,UFV SOLAR IRECE 2
UFV MORRO PRETO 39,UFV CANOA GRANDE IX,UFV GS LASSANCE SOLAR 03,UFV SOLAR SAO SIMAO,UFV SOLAR SAO SIMAO,UFV SOLAR SAO SIMAO,UFV SOLAR SAO SIMAO,UFV SOLAR SAO SIMAO
UFV MORRO PRETO 40,UFV CANOA GRANDE X,UFV GS LASSANCE SOLAR 04,UFV SOLIDAO 1,UFV SOLIDAO 1,UFV SOLIDAO 1,UFV SOLIDAO 1,UFV SOLIDAO 1
UFV CANOA GRANDE V,UFV CANOA GRANDE XI,UFV GS LASSANCE SOLAR 05,UFV SOLIDAO 10,UFV SOLIDAO 10,UFV SOLIDAO 10,UFV SOLIDAO 10,UFV SOLIDAO 10
UFV CANOA GRANDE VI,UFV SOL DO AGRESTE III,UFV GS LASSANCE SOLAR 06,UFV SOLIDAO 11,UFV SOLIDAO 11,UFV SOLIDAO 11,UFV SOLIDAO 11,UFV SOLIDAO 11
UFV CANOA GRANDE VII,UFV SOL DO AGRESTE IV,UFV GS LASSANCE SOLAR 07,UFV SOLIDAO 12,UFV SOLIDAO 12,UFV SOLIDAO 12,UFV SOLIDAO 12,UFV SOLIDAO 12
UFV CANOA GRANDE VIII,UFV SOL DO AGRESTE V,UFV GS LASSANCE SOLAR 08,UFV SOLIDAO 2,UFV SOLIDAO 2,UFV SOLIDAO 2,UFV SOLIDAO 2,UFV SOLIDAO 2
UFV CANOA GRANDE XII,UFV HELIOS 1,UFV GS LASSANCE SOLAR 09,UFV SOLIDAO 3,UFV SOLIDAO 3,UFV SOLIDAO 3,UFV SOLIDAO 3,UFV SOLIDAO 3
UFV CANOA GRANDE XIII,UFV HELIOS 2,UFV FOTONS DE SAO CLAUS 01,UFV SOLIDAO 4,UFV SOLIDAO 4,UFV SOLIDAO 4,UFV SOLIDAO 4,UFV SOLIDAO 4
UFV CANOA GRANDE XIV,UFV SOLAR SAO SIMAO,UFV FOTONS DE SAO CLAUS 02,UFV SOLIDAO 5,UFV SOLIDAO 5,UFV SOLIDAO 5,UFV SOLIDAO 5,UFV SOLIDAO 5
UFV CANOA GRANDE XV,UFV SOLAR DAS LARANJEIRAS 1,UFV FOTONS DE SAO CLAUS 03,UFV SOLIDAO 6,UFV SOLIDAO 6,UFV SOLIDAO 6,UFV SOLIDAO 6,UFV SOLIDAO 6
UFV GSII SOLAR 1,UFV SOLAR DAS LARANJEIRAS 2,UFV FOTONS DE SAO CLAUS 04,UFV SOLIDAO 7,UFV SOLIDAO 7,UFV SOLIDAO 7,UFV SOLIDAO 7,UFV SOLIDAO 7
UFV GSII SOLAR 3,UFV SOLAR DAS LARANJEIRAS 3,UFV FOTONS DE SAO CLAUS 05,UFV SOLIDAO 8,UFV SOLIDAO 8,UFV SOLIDAO 8,UFV SOLIDAO 8,UFV SOLIDAO 8
,UFV SOLAR DAS LARANJEIRAS 4,UFV FOTONS DE SAO CLAUS 06,UFV SOLIDAO 9,UFV SOLIDAO 9,UFV SOLIDAO 9,UFV SOLIDAO 9,UFV SOLIDAO 9
,UFV SOLAR DAS LARANJEIRAS 5,UFV FOTONS DE SAO CLAUS 07,UFV TIMBAUBA I,UFV TIMBAUBA I,UFV TIMBAUBA I,UFV TIMBAUBA I,UFV TIMBAUBA I
,UFV SOLAR DAS LARANJEIRAS 6,UFV ARAPUA 5,UFV TIMBAUBA II,UFV TIMBAUBA II,UFV TIMBAUBA II,UFV TIMBAUBA II,UFV TIMBAUBA II
,UFV SOLAR DAS LARANJEIRAS 7,UFV ARAPUA 6,UFV TIMBAUBA III,UFV TIMBAUBA III,UFV TIMBAUBA III,UFV TIMBAUBA III,UFV TIMBAUBA III
,UFV CUMARU SOLAR 01,UFV ARAPUA 7,UFV TIMBAUBA IV,UFV TIMBAUBA IV,UFV TIMBAUBA IV,UFV TIMBAUBA IV,UFV TIMBAUBA IV
,UFV CUMARU SOLAR 02,UFV ARAPUA 8,UFV ULA 04A,UFV ULA 04A,UFV ULA 04A,UFV ULA 04A,UFV ULA 04A
,UFV MORRO PRETO 1,UFV NOVA ESPERANCA 1,UFV ULA 05,UFV ULA 05,UFV ULA 05,UFV ULA 05,UFV ULA 05
,UFV MORRO PRETO 2,UFV NOVA ESPERANCA 2,UFV VARZEA DA PALMA IV,UFV VARZEA DA PALMA IV,UFV VARZEA DA PALMA IV,UFV VARZEA DA PALMA IV,UFV VARZEA DA PALMA IV
,UFV MORRO PRETO 3,UFV NOVA ESPERANCA 3,UFV VARZEA DA PALMA IX,UFV VARZEA DA PALMA IX,UFV VARZEA DA PALMA IX,UFV VARZEA DA PALMA IX,UFV VARZEA DA PALMA IX
,UFV MORRO PRETO 4,UFV RAIOS DE SAO FRANCISCO V,UFV VARZEA DA PALMA V,UFV VARZEA DA PALMA V,UFV VARZEA DA PALMA V,UFV VARZEA DA PALMA V,UFV VARZEA DA PALMA V
,UFV MORRO PRETO 5,UFV RAIOS DE SAO FRANCISCO VI,UFV VARZEA DA PALMA VI,UFV VARZEA DA PALMA VI,UFV VARZEA DA PALMA VI,UFV VARZEA DA PALMA VI,UFV VARZEA DA PALMA VI
,UFV MORRO PRETO 6,UFV CANOA GRANDE IV,UFV VARZEA DA PALMA VII,UFV VARZEA DA PALMA VII,UFV VARZEA DA PALMA VII,UFV VARZEA DA PALMA VII,UFV VARZEA DA PALMA VII
,UFV MORRO PRETO 7,UFV CANOA GRANDE IX,UFV VARZEA DA PALMA VIII,UFV VARZEA DA PALMA VIII,UFV VARZEA DA PALMA VIII,UFV VARZEA DA PALMA VIII,UFV VARZEA DA PALMA VIII
,UFV MORRO PRETO 8,UFV CANOA GRANDE X,UFV VEA II 1,UFV VEA II 1,UFV VEA II 1,UFV VEA II 1,UFV VEA II 1
,UFV MORRO PRETO 9,UFV CANOA GRANDE XI,UFV VEA II 10,UFV VEA II 10,UFV VEA II 10,UFV VEA II 10,UFV VEA II 10
,UFV MORRO PRETO 10,UFV SOL DO AGRESTE III,UFV VEA II 11,UFV VEA II 11,UFV VEA II 11,UFV VEA II 11,UFV VEA II 11
,UFV MORRO PRETO 11,UFV SOL DO AGRESTE IV,UFV VEA II 2,UFV VEA II 2,UFV VEA II 2,UFV VEA II 2,UFV VEA II 2
,UFV MORRO PRETO 12,UFV SOL DO AGRESTE V,UFV VEA II 3,UFV VEA II 3,UFV VEA II 3,UFV VEA II 3,UFV VEA II 3
,UFV MORRO PRETO 13,UFV HELIOS 1,UFV VEA II 4,UFV VEA II 4,UFV VEA II 4,UFV VEA II 4,UFV VEA II 4
,UFV MORRO PRETO 14,UFV HELIOS 2,UFV VEA II 5,UFV VEA II 5,UFV VEA II 5,UFV VEA II 5,UFV VEA II 5
,UFV MORRO PRETO 15,UFV SOLAR SAO SIMAO,UFV VEA II 6,UFV VEA II 6,UFV VEA II 6,UFV VEA II 6,UFV VEA II 6
,UFV MORRO PRETO 16,UFV SOLAR DAS LARANJEIRAS 1,UFV VEA II 7,UFV VEA II 7,UFV VEA II 7,UFV VEA II 7,UFV VEA II 7
,UFV MORRO PRETO 17,UFV SOLAR DAS LARANJEIRAS 2,UFV VEA II 8,UFV VEA II 8,UFV VEA II 8,UFV VEA II 8,UFV VEA II 8
,UFV MORRO PRETO 18,UFV SOLAR DAS LARANJEIRAS 3,UFV VEA II 9,UFV VEA II 9,UFV VEA II 9,UFV VEA II 9,UFV VEA II 9
,UFV MORRO PRETO 19,UFV SOLAR DAS LARANJEIRAS 4,UFV VEREDA 1,UFV VEREDA 1,UFV VEREDA 1,UFV VEREDA 1,UFV VEREDA 1
,UFV MORRO PRETO 20,UFV SOLAR DAS LARANJEIRAS 5,UFV VEREDA 2,UFV VEREDA 2,UFV VEREDA 2,UFV VEREDA 2,UFV VEREDA 2
,UFV MORRO PRETO 21,UFV SOLAR DAS LARANJEIRAS 6,UFV VEREDA 3,UFV VEREDA 3,UFV VEREDA 3,UFV VEREDA 3,UFV VEREDA 3
,UFV MORRO PRETO 22,UFV SOLAR DAS LARANJEIRAS 7,UFV VEREDA 4,UFV VEREDA 4,UFV VEREDA 4,UFV VEREDA 4,UFV VEREDA 4
,UFV MORRO PRETO 23,UFV CUMARU SOLAR 01,UFV VEREDA 5,UFV VEREDA 5,UFV VEREDA 5,UFV VEREDA 5,UFV VEREDA 5
,UFV MORRO PRETO 24,UFV CUMARU SOLAR 02,UFV VEREDA 6,UFV VEREDA 6,UFV VEREDA 6,UFV VEREDA 6,UFV VEREDA 6
,UFV MORRO PRETO 25,UFV MORRO PRETO 1,UFV VEREDA 7,UFV VEREDA 7,UFV VEREDA 7,UFV VEREDA 7,UFV VEREDA 7
,UFV MORRO PRETO 26,UFV MORRO PRETO 2,UFV VEREDA 8,UFV VEREDA 8,UFV VEREDA 8,UFV VEREDA 8,UFV VEREDA 8
,UFV MORRO PRETO 27,UFV MORRO PRETO 3,UFV VEREDA 9,UFV VEREDA 9,UFV VEREDA 9,UFV VEREDA 9,UFV VEREDA 9
,UFV MORRO PRETO 28,UFV MORRO PRETO 4,UFV ZEBU I,UFV ZEBU I,UFV ZEBU I,UFV ZEBU I,UFV ZEBU I
,UFV MORRO PRETO 29,UFV MORRO PRETO 5,UFV ZEBU II,UFV ZEBU II,UFV ZEBU II,UFV ZEBU II,UFV ZEBU II
,UFV MORRO PRETO 30,UFV MORRO PRETO 6,UFV ZEBU III,UFV ZEBU III,UFV ZEBU III,UFV ZEBU III,UFV ZEBU III
,UFV MORRO PRETO 31,UFV MORRO PRETO 7,UFV ZEBU IV,UFV ZEBU IV,UFV ZEBU IV,UFV ZEBU IV,UFV ZEBU IV
,UFV MORRO PRETO 32,UFV MORRO PRETO 8,UFV ZEBU IX,UFV ZEBU IX,UFV ZEBU IX,UFV ZEBU IX,UFV ZEBU IX
,UFV MORRO PRETO 33,UFV MORRO PRETO 9,UFV ZEBU V,UFV ZEBU V,UFV ZEBU V,UFV ZEBU V,UFV ZEBU V
,UFV MORRO PRETO 34,UFV MORRO PRETO 10,UFV ZEBU VI,UFV ZEBU VI,UFV ZEBU VI,UFV ZEBU VI,UFV ZEBU VI
,UFV MORRO PRETO 35,UFV MORRO PRETO 11,UFV ZEBU VII,UFV ZEBU VII,UFV ZEBU VII,UFV ZEBU VII,UFV ZEBU VII
,UFV MORRO PRETO 36,UFV MORRO PRETO 12,UFV ZEBU VIII,UFV ZEBU VIII,UFV ZEBU VIII,UFV ZEBU VIII,UFV ZEBU VIII
,UFV MORRO PRETO 37,UFV MORRO PRETO 13,UTE NOVO TEMPO BARCARENA,UTE NOVO TEMPO BARCARENA,UTE NOVO TEMPO BARCARENA,UTE NOVO TEMPO BARCARENA,UTE NOVO TEMPO BARCARENA
,UFV MORRO PRETO 38,UFV MORRO PRETO 14,UFV ALTO SAO FRANCISCO IV,UFV ALTO SAO FRANCISCO IV,UFV ALTO SAO FRANCISCO IV,UFV ALTO SAO FRANCISCO IV,UFV ALTO SAO FRANCISCO IV
,UFV MORRO PRETO 39,UFV MORRO PRETO 15,UFV ALTO SAO FRANCISCO IX,UFV ALTO SAO FRANCISCO IX,UFV ALTO SAO FRANCISCO IX,UFV ALTO SAO FRANCISCO IX,UFV ALTO SAO FRANCISCO IX
,UFV MORRO PRETO 40,UFV MORRO PRETO 16,UFV ALTO SAO FRANCISCO V,UFV ALTO SAO FRANCISCO V,UFV ALTO SAO FRANCISCO V,UFV ALTO SAO FRANCISCO V,UFV ALTO SAO FRANCISCO V
,UFV CANOA GRANDE V,UFV MORRO PRETO 17,UFV ALTO SAO FRANCISCO VII,UFV ALTO SAO FRANCISCO VII,UFV ALTO SAO FRANCISCO VII,UFV ALTO SAO FRANCISCO VII,UFV ALTO SAO FRANCISCO VII
,UFV CANOA GRANDE VI,UFV MORRO PRETO 18,UFV ALTO SAO FRANCISCO VIII,UFV ALTO SAO FRANCISCO VIII,UFV ALTO SAO FRANCISCO VIII,UFV ALTO SAO FRANCISCO VIII,UFV ALTO SAO FRANCISCO VIII
,UFV CANOA GRANDE VII,UFV MORRO PRETO 19,UFV ALTO SAO FRANCISCO X,UFV ALTO SAO FRANCISCO X,UFV ALTO SAO FRANCISCO X,UFV ALTO SAO FRANCISCO X,UFV ALTO SAO FRANCISCO X
,UFV CANOA GRANDE VIII,UFV MORRO PRETO 20,UFV ALTO SAO FRANCISCO XI,UFV ALTO SAO FRANCISCO XI,UFV ALTO SAO FRANCISCO XI,UFV ALTO SAO FRANCISCO XI,UFV ALTO SAO FRANCISCO XI
,UFV CANOA GRANDE XII,UFV MORRO PRETO 21,UFV ALTO SAO FRANCISCO XII,UFV ALTO SAO FRANCISCO XII,UFV ALTO SAO FRANCISCO XII,UFV ALTO SAO FRANCISCO XII,UFV ALTO SAO FRANCISCO XII
,UFV CANOA GRANDE XIII,UFV MORRO PRETO 22,UFV SANTA LUZIA 10,UFV SANTA LUZIA 10,UFV SANTA LUZIA 10,UFV SANTA LUZIA 10,UFV SANTA LUZIA 10
,UFV CANOA GRANDE XIV,UFV MORRO PRETO 23,UFV SANTA LUZIA 11,UFV SANTA LUZIA 11,UFV SANTA LUZIA 11,UFV SANTA LUZIA 11,UFV SANTA LUZIA 11
,UFV CANOA GRANDE XV,UFV MORRO PRETO 24,UFV SANTA LUZIA 12,UFV SANTA LUZIA 12,UFV SANTA LUZIA 12,UFV SANTA LUZIA 12,UFV SANTA LUZIA 12
,UFV GSII SOLAR 1,UFV MORRO PRETO 25,UFV SANTA LUZIA 13,UFV SANTA LUZIA 13,UFV SANTA LUZIA 13,UFV SANTA LUZIA 13,UFV SANTA LUZIA 13
,UFV GSII SOLAR 3,UFV MORRO PRETO 26,UFV SANTA LUZIA 14,UFV SANTA LUZIA 14,UFV SANTA LUZIA 14,UFV SANTA LUZIA 14,UFV SANTA LUZIA 14
,,UFV MORRO PRETO 27,UFV DIAMANTE SOL I,UFV DIAMANTE SOL I,UFV DIAMANTE SOL I,UFV DIAMANTE SOL I,UFV DIAMANTE SOL I
,,UFV MORRO PRETO 28,UFV DIAMANTE SOL II,UFV DIAMANTE SOL II,UFV DIAMANTE SOL II,UFV DIAMANTE SOL II,UFV DIAMANTE SOL II
,,UFV MORRO PRETO 29,UFV DIAMANTE SOL III,UFV DIAMANTE SOL III,UFV DIAMANTE SOL III,UFV DIAMANTE SOL III,UFV DIAMANTE SOL III
,,UFV MORRO PRETO 30,UFV DIAMANTE SOL IV,UFV DIAMANTE SOL IV,UFV DIAMANTE SOL IV,UFV DIAMANTE SOL IV,UFV DIAMANTE SOL IV
,,UFV MORRO PRETO 31,UFV DIAMANTE SOL V,UFV DIAMANTE SOL V,UFV DIAMANTE SOL V,UFV DIAMANTE SOL V,UFV DIAMANTE SOL V
,,UFV MORRO PRETO 32,UFV DIAMANTE SOL VI,UFV DIAMANTE SOL VI,UFV DIAMANTE SOL VI,UFV DIAMANTE SOL VI,UFV DIAMANTE SOL VI
,,UFV MORRO PRETO 33,UFV DIAMANTE SOL VII,UFV DIAMANTE SOL VII,UFV DIAMANTE SOL VII,UFV DIAMANTE SOL VII,UFV DIAMANTE SOL VII
,,UFV MORRO PRETO 34,UFV DIAMANTE SOL VIII,UFV DIAMANTE SOL VIII,UFV DIAMANTE SOL VIII,UFV DIAMANTE SOL VIII,UFV DIAMANTE SOL VIII
,,UFV MORRO PRETO 35,UFV DIAMANTE SOL X,UFV DIAMANTE SOL X,UFV DIAMANTE SOL X,UFV DIAMANTE SOL X,UFV DIAMANTE SOL X
,,UFV MORRO PRETO 36,UFV DIAMANTE SOL XIII,UFV DIAMANTE SOL XIII,UFV DIAMANTE SOL XIII,UFV DIAMANTE SOL XIII,UFV DIAMANTE SOL XIII
,,UFV MORRO PRETO 37,UFV DIAMANTE SOL XIV,UFV DIAMANTE SOL XIV,UFV DIAMANTE SOL XIV,UFV DIAMANTE SOL XIV,UFV DIAMANTE SOL XIV
,,UFV MORRO PRETO 38,UFV DIAMANTE SOL XV,UFV DIAMANTE SOL XV,UFV DIAMANTE SOL XV,UFV DIAMANTE SOL XV,UFV DIAMANTE SOL XV
,,UFV MORRO PRETO 39,UFV DIAMANTE SOL XVI,UFV DIAMANTE SOL XVI,UFV DIAMANTE SOL XVI,UFV DIAMANTE SOL XVI,UFV DIAMANTE SOL XVI
,,UFV MORRO PRETO 40,UFV DIAMANTE SOL XVII,UFV DIAMANTE SOL XVII,UFV DIAMANTE SOL XVII,UFV DIAMANTE SOL XVII,UFV DIAMANTE SOL XVII
,,UFV CANOA GRANDE V,UFV DIAMANTE SOL XVIII,UFV DIAMANTE SOL XVIII,UFV DIAMANTE SOL XVIII,UFV DIAMANTE SOL XVIII,UFV DIAMANTE SOL XVIII
,,UFV CANOA GRANDE VI,UFV DIAMANTE SOL XX,UFV DIAMANTE SOL XX,UFV DIAMANTE SOL XX,UFV DIAMANTE SOL XX,UFV DIAMANTE SOL XX
,,UFV CANOA GRANDE VII,UFV DIAMANTE SOL XXI,UFV DIAMANTE SOL XXI,UFV DIAMANTE SOL XXI,UFV DIAMANTE SOL XXI,UFV DIAMANTE SOL XXI
,,UFV CANOA GRANDE VIII,UFV DIAMANTE SOL XXII,UFV DIAMANTE SOL XXII,UFV DIAMANTE SOL XXII,UFV DIAMANTE SOL XXII,UFV DIAMANTE SOL XXII
,,UFV CANOA GRANDE XII,UFV DIAMANTE SOL XXIV,UFV DIAMANTE SOL XXIV,UFV DIAMANTE SOL XXIV,UFV DIAMANTE SOL XXIV,UFV DIAMANTE SOL XXIV
,,UFV CANOA GRANDE XIII,UFV DIAMANTE SOL XXV,UFV DIAMANTE SOL XXV,UFV DIAMANTE SOL XXV,UFV DIAMANTE SOL XXV,UFV DIAMANTE SOL XXV
,,UFV CANOA GRANDE XIV,UFV DIAMANTE SOL XXVI,UFV DIAMANTE SOL XXVI,UFV DIAMANTE SOL XXVI,UFV DIAMANTE SOL XXVI,UFV DIAMANTE SOL XXVI
,,UFV CANOA GRANDE XV,UFV DIAMANTE SOL XXVII,UFV DIAMANTE SOL XXVII,UFV DIAMANTE SOL XXVII,UFV DIAMANTE SOL XXVII,UFV DIAMANTE SOL XXVII
,,UFV GSII SOLAR 1,UFV DIAMANTE SOL XXVIII,UFV DIAMANTE SOL XXVIII,UFV DIAMANTE SOL XXVIII,UFV DIAMANTE SOL XXVIII,UFV DIAMANTE SOL XXVIII
,,UFV GSII SOLAR 3,UFV DIAMANTE SOL XXIX,UFV DIAMANTE SOL XXIX,UFV DIAMANTE SOL XXIX,UFV DIAMANTE SOL XXIX,UFV DIAMANTE SOL XXIX
